task,dataset,contrast,variant,roi,method,ngf_mean,ngf_sd_across_scans,ngf_edge_mean,n_scans,n_draws,ngf_sd_all_draws
abdomen,chaos,t1in,asblur,fg,auglab_default,0.6781002234667539,0.08573211433502385,0.7469735391438007,16,5,0.1804409668488429
abdomen,chaos,t1in,asblur,fg,identity,0.9999999962747097,1.4901161205238972e-08,0.9999999888241291,16,1,1.4658849741627389e-08
abdomen,chaos,t1in,asblur,fg,kmeans,0.5059005305171013,0.0400259856303022,0.6060178499668837,16,5,0.08354361240831289
abdomen,chaos,t1in,asblur,fg,kmeans_remap,0.4892104145139456,0.04072347524687295,0.5854836419224739,16,5,0.08143760502108773
abdomen,chaos,t1in,asblur,fg,kmeans_remap_train050,0.7585864450782538,0.09310696408504306,0.8073066949844361,16,5,0.2544091124067432
abdomen,chaos,t1in,asblur,fg,kmeans_train050,0.7228349294513464,0.14266194635314536,0.7695149179548025,16,5,0.26778520352008256
abdomen,chaos,t1in,asblur,fg,noise,0.3329536903649568,0.0005156141835880053,0.3328754652291536,16,5,0.0007041156947490757
abdomen,chaos,t1in,asblur,fg,noisefill,0.4830241672694683,0.030448011150698957,0.579424288123846,16,5,0.0685391411136499
abdomen,chaos,t1in,asblur,fg,noisefill_lblvor,0.4974636651575565,0.027022249413841664,0.6003075212240219,16,5,0.0564617223503702
abdomen,chaos,t1in,asblur,fg,noisefill_lblvor_train050,0.7660129573196173,0.11967204974801754,0.8092717140913009,16,5,0.2576660934917644
abdomen,chaos,t1in,asblur,fg,ours_train050,0.6497489809989929,0.09579229447827135,0.7110696278512478,16,5,0.17094258560840142
abdomen,chaos,t1in,asblur,fg,palette,0.7561671197414398,0.03718103712316879,0.7871175363659859,16,5,0.09407244056327037
abdomen,chaos,t1in,asblur,fg,palette_train050,0.8615157999098301,0.047242905947084524,0.8801594905555248,16,5,0.143404731530008
abdomen,chaos,t1in,asblur,fg,srcsm,0.6438980273902416,0.07829650546786937,0.7094020288437605,16,5,0.16192700078190111
abdomen,chaos,t1in,asblur,fg,synthseg_EM,0.47527190372347833,0.035959870065926346,0.5478055343031883,16,5,0.06770447188997523
abdomen,chaos,t1in,asblur,fg,synthseg_noEM,0.3700771143659949,0.030693295171153576,0.3929744055494666,16,5,0.05163454726693334
abdomen,chaos,t1in,asblur,lab,auglab_default,0.6305294342339038,0.0894758563292413,0.6847437430173159,16,5,0.19378685780446453
abdomen,chaos,t1in,asblur,lab,identity,0.9999999925494194,2.0358862018473576e-08,0.9999999962747097,16,1,2.0027801541648316e-08
abdomen,chaos,t1in,asblur,lab,kmeans,0.43096069879829885,0.03993107055031619,0.4836621146649122,16,5,0.07817692830693296
abdomen,chaos,t1in,asblur,lab,kmeans_remap,0.38157338835299015,0.025297287221511054,0.41040920317173,16,5,0.06081546297797996
abdomen,chaos,t1in,asblur,lab,kmeans_remap_train050,0.7019198670983314,0.11329604293140326,0.7178979888558388,16,5,0.3107914404598601
abdomen,chaos,t1in,asblur,lab,kmeans_train050,0.6885096084326505,0.15760684106367776,0.7162449307739734,16,5,0.2954917033454235
abdomen,chaos,t1in,asblur,lab,noise,0.3332379356026649,0.0006511463769392082,0.3329760547727346,16,5,0.0015123774789466231
abdomen,chaos,t1in,asblur,lab,noisefill,0.3786519210785627,0.024451752965659657,0.40630566664040085,16,5,0.052581955560985785
abdomen,chaos,t1in,asblur,lab,noisefill_lblvor,0.38039814308285713,0.02670785455255426,0.40732986368238927,16,5,0.05429225984670321
abdomen,chaos,t1in,asblur,lab,noisefill_lblvor_train050,0.7140083614736795,0.152038137834532,0.7275370106101036,16,5,0.31264427158768304
abdomen,chaos,t1in,asblur,lab,ours_train050,0.6140747644007206,0.09189536343188985,0.6667024299502373,16,5,0.18288062765600568
abdomen,chaos,t1in,asblur,lab,palette,0.7394877444952727,0.046262802951350816,0.776900427415967,16,5,0.13059375723190983
abdomen,chaos,t1in,asblur,lab,palette_train050,0.8596375692635775,0.04980311900898215,0.8803707271814346,16,5,0.1596928117890247
abdomen,chaos,t1in,asblur,lab,srcsm,0.6147124648094178,0.03958359599946568,0.6711948454380036,16,5,0.14873435450786174
abdomen,chaos,t1in,asblur,lab,synthseg_EM,0.4299094270914793,0.031729060695795105,0.49092500358819957,16,5,0.05094342484713039
abdomen,chaos,t1in,asblur,lab,synthseg_noEM,0.4021015975624323,0.02051728036828225,0.44127166010439395,16,5,0.03690278899096643
abdomen,chaos,t1in,noblur,fg,auglab_default,0.7367396477609873,0.10034617368660313,0.7873718611896038,16,5,0.19725861092256022
abdomen,chaos,t1in,noblur,fg,identity,0.9999999962747097,1.4901161205238972e-08,0.9999999888241291,16,1,1.4658849741627389e-08
abdomen,chaos,t1in,noblur,fg,kmeans,0.4877750549465418,0.04055546253144832,0.5826546467840672,16,5,0.07818534037163032
abdomen,chaos,t1in,noblur,fg,kmeans_remap,0.4733398422598839,0.03793585652928869,0.5633958388119936,16,5,0.07899046749894828
abdomen,chaos,t1in,noblur,fg,kmeans_remap_train050,0.7481870777904988,0.09823285164218913,0.7929458037018776,16,5,0.26508643849480545
abdomen,chaos,t1in,noblur,fg,kmeans_train050,0.7134640570729971,0.1477994620147623,0.7571132909506559,16,5,0.27451616144141483
abdomen,chaos,t1in,noblur,fg,noise,0.3329536903649568,0.0005156141835880053,0.3328754652291536,16,5,0.0007041156947490757
abdomen,chaos,t1in,noblur,fg,noisefill,0.46978821940720084,0.029542438180446003,0.5613795027136803,16,5,0.06254372445004103
abdomen,chaos,t1in,noblur,fg,noisefill_lblvor,0.47925887629389763,0.028096676809526506,0.5748217549175024,16,5,0.057428597775007306
abdomen,chaos,t1in,noblur,fg,noisefill_lblvor_train050,0.7591817021369934,0.12299654693666351,0.8001891721040011,16,5,0.26432164808517467
abdomen,chaos,t1in,noblur,fg,ours_train050,0.7001647718250752,0.09639259715719674,0.7481035877019167,16,5,0.17853689907875708
abdomen,chaos,t1in,noblur,fg,palette,0.809719942510128,0.03450019054780198,0.799850533157587,16,5,0.09157521022520186
abdomen,chaos,t1in,noblur,fg,palette_train050,0.888996971771121,0.04054202769629129,0.88690255433321,16,5,0.11864972429318735
abdomen,chaos,t1in,noblur,fg,srcsm,0.640145244821906,0.0873012488708239,0.7046414017677307,16,5,0.15639238046062381
abdomen,chaos,t1in,noblur,fg,synthseg_EM,0.5416224885731935,0.05073379989246213,0.6479081347584724,16,5,0.06865326617634757
abdomen,chaos,t1in,noblur,fg,synthseg_noEM,0.3647794326767325,0.026871900129553,0.39032278731465336,16,5,0.0420959865598891
abdomen,chaos,t1in,noblur,lab,auglab_default,0.6982424706220627,0.1137291087129444,0.7378464095294476,16,5,0.21571823559713538
abdomen,chaos,t1in,noblur,lab,identity,0.9999999925494194,2.0358862018473576e-08,0.9999999962747097,16,1,2.0027801541648316e-08
abdomen,chaos,t1in,noblur,lab,kmeans,0.41426343768835067,0.038551308360383146,0.457925770804286,16,5,0.07297372432798427
abdomen,chaos,t1in,noblur,lab,kmeans_remap,0.3710905142128468,0.02469662004046787,0.3934746995568275,16,5,0.058376430757312706
abdomen,chaos,t1in,noblur,lab,kmeans_remap_train050,0.6955482840538025,0.11426688263973907,0.7079873014241457,16,5,0.31672732403722675
abdomen,chaos,t1in,noblur,lab,kmeans_train050,0.6808105021715164,0.16188556962026746,0.7044017929583788,16,5,0.3018868024372155
abdomen,chaos,t1in,noblur,lab,noise,0.3332379356026649,0.0006511463769392082,0.3329760547727346,16,5,0.0015123774789466231
abdomen,chaos,t1in,noblur,lab,noisefill,0.370381536334753,0.022975684267817945,0.3931725386530161,16,5,0.047689982306560526
abdomen,chaos,t1in,noblur,lab,noisefill_lblvor,0.3689390458166599,0.023230732040741275,0.388994662836194,16,5,0.05082444634761733
abdomen,chaos,t1in,noblur,lab,noisefill_lblvor_train050,0.7098294086754322,0.15392080568599506,0.7204857401549816,16,5,0.31697587036519115
abdomen,chaos,t1in,noblur,lab,ours_train050,0.6781448807567358,0.09522789985758272,0.7152036916464567,16,5,0.19885676307456945
abdomen,chaos,t1in,noblur,lab,palette,0.8065554525703191,0.05547276527903147,0.8099180001765489,16,5,0.13250665003707443
abdomen,chaos,t1in,noblur,lab,palette_train050,0.9011210061609745,0.05303049151568785,0.9012404438108206,16,5,0.13485364913021336
abdomen,chaos,t1in,noblur,lab,srcsm,0.6110970560461283,0.081180279152507,0.6651914291083812,16,5,0.14911286612371102
abdomen,chaos,t1in,noblur,lab,synthseg_EM,0.4527506086975336,0.037039376511564547,0.5419591672718524,16,5,0.05248990971088113
abdomen,chaos,t1in,noblur,lab,synthseg_noEM,0.3668619208037853,0.015392875681635705,0.38912451602518555,16,5,0.024003253472830565
abdomen,chaos,t2spir,asblur,fg,auglab_default,0.6677244536578655,0.09096887322006314,0.7235272526741028,16,5,0.19020561195168287
abdomen,chaos,t2spir,asblur,fg,identity,0.9999999925494194,2.0358862016783885e-08,0.9999999888241291,16,1,2.0027801544642796e-08
abdomen,chaos,t2spir,asblur,fg,kmeans,0.48304618038237096,0.038821141640077717,0.5641576115041971,16,5,0.0699237061649621
abdomen,chaos,t2spir,asblur,fg,kmeans_remap,0.47549849785864357,0.036415023937759014,0.5494547612965107,16,5,0.07208186849982429
abdomen,chaos,t2spir,asblur,fg,kmeans_remap_train050,0.7490801487118006,0.10089001846549724,0.7819537337869406,16,5,0.2637169124375537
abdomen,chaos,t2spir,asblur,fg,kmeans_train050,0.7125474274158478,0.14513768588907217,0.7507458474487066,16,5,0.27395456774469296
abdomen,chaos,t2spir,asblur,fg,noise,0.33280476815998555,0.0006633341124087095,0.33262319751083846,16,5,0.0011075708745224824
abdomen,chaos,t2spir,asblur,fg,noisefill,0.47048770189285277,0.01867788947411335,0.5457856401801109,16,5,0.05297970809139494
abdomen,chaos,t2spir,asblur,fg,noisefill_lblvor,0.4752826888114214,0.03017491403279145,0.5478867407888174,16,5,0.0497946483956043
abdomen,chaos,t2spir,asblur,fg,noisefill_lblvor_train050,0.7504040885716676,0.12823070990084265,0.7837509263306857,16,5,0.2730403977859143
abdomen,chaos,t2spir,asblur,fg,ours_train050,0.6452267955988645,0.10485929728099636,0.6903823778033257,16,5,0.18295860076208842
abdomen,chaos,t2spir,asblur,fg,palette,0.7414887554943561,0.03299312182123479,0.7586268596351147,16,5,0.08459761113272773
abdomen,chaos,t2spir,asblur,fg,palette_train050,0.8531976513564586,0.049113979154626,0.860220504552126,16,5,0.15033650297424841
abdomen,chaos,t2spir,asblur,fg,srcsm,0.6215839926153421,0.06868898602115693,0.6805612724274397,16,5,0.16372600613047114
abdomen,chaos,t2spir,asblur,fg,synthseg_EM,0.4636133134365082,0.03829031843992568,0.539864144474268,16,5,0.07133815447581907
abdomen,chaos,t2spir,asblur,fg,synthseg_noEM,0.39432428386062385,0.030166321897108498,0.43910803981125357,16,5,0.05369806634427975
abdomen,chaos,t2spir,asblur,lab,auglab_default,0.6397576212882996,0.08323124925042875,0.6960460424423218,16,5,0.18403651182377548
abdomen,chaos,t2spir,asblur,lab,identity,0.9999999962747097,1.4901161202313625e-08,0.9999999850988388,16,1,1.4658849749654735e-08
abdomen,chaos,t2spir,asblur,lab,kmeans,0.4583117287606001,0.04166832948241163,0.5370281670242548,16,5,0.07284090816111505
abdomen,chaos,t2spir,asblur,lab,kmeans_remap,0.40715270340442655,0.02853528929381539,0.4527698166668415,16,5,0.0682535485527168
abdomen,chaos,t2spir,asblur,lab,kmeans_remap_train050,0.7120644986629486,0.11211160203833481,0.7341349691152572,16,5,0.3014176219251737
abdomen,chaos,t2spir,asblur,lab,kmeans_train050,0.6977755952626467,0.15444205981159498,0.7330009881407022,16,5,0.28664231545443436
abdomen,chaos,t2spir,asblur,lab,noise,0.3329949729144573,0.0009093057718748422,0.3327547863125801,16,5,0.0017181564073303977
abdomen,chaos,t2spir,asblur,lab,noisefill,0.39801923260092736,0.02740293194827124,0.4364685986191034,16,5,0.06186651622147431
abdomen,chaos,t2spir,asblur,lab,noisefill_lblvor,0.4035056445747614,0.029332815439255668,0.44542140029370786,16,5,0.06735633608441255
abdomen,chaos,t2spir,asblur,lab,noisefill_lblvor_train050,0.7183339938521385,0.14219149958281446,0.7346648063510657,16,5,0.30809072581949115
abdomen,chaos,t2spir,asblur,lab,ours_train050,0.6184346359223127,0.09850389775621789,0.6646039299666882,16,5,0.18158396856729483
abdomen,chaos,t2spir,asblur,lab,palette,0.7291360326111317,0.06207060864536932,0.7556923311203718,16,5,0.12602131853629284
abdomen,chaos,t2spir,asblur,lab,palette_train050,0.8510236024856568,0.05610815758129757,0.8614065133035183,16,5,0.16159214070475741
abdomen,chaos,t2spir,asblur,lab,srcsm,0.6525048956274986,0.0670380158919582,0.714207649603486,16,5,0.16851808409740485
abdomen,chaos,t2spir,asblur,lab,synthseg_EM,0.45552023127675056,0.03177557529055181,0.5295455541461707,16,5,0.06338445119915478
abdomen,chaos,t2spir,asblur,lab,synthseg_noEM,0.41077356003224846,0.023426337672230197,0.45164763294160365,16,5,0.04012907956297906
abdomen,chaos,t2spir,noblur,fg,auglab_default,0.733165942877531,0.11258996517461703,0.7724841173738242,16,5,0.2135811552892479
abdomen,chaos,t2spir,noblur,fg,identity,0.9999999925494194,2.0358862016783885e-08,0.9999999888241291,16,1,2.0027801544642796e-08
abdomen,chaos,t2spir,noblur,fg,kmeans,0.46730302982032296,0.03520906084910218,0.5432475127279759,16,5,0.06600659692161735
abdomen,chaos,t2spir,noblur,fg,kmeans_remap,0.45832360312342646,0.035343558019825305,0.5261315796524286,16,5,0.07091556822686634
abdomen,chaos,t2spir,noblur,fg,kmeans_remap_train050,0.7409855514764786,0.10284325896958146,0.7710213679820299,16,5,0.27200510182570714
abdomen,chaos,t2spir,noblur,fg,kmeans_train050,0.7046694714576006,0.14914594144799567,0.7399219773709774,16,5,0.2808197548431469
abdomen,chaos,t2spir,noblur,fg,noise,0.33280476815998555,0.0006633341124087095,0.33262319751083846,16,5,0.0011075708745224824
abdomen,chaos,t2spir,noblur,fg,noisefill,0.45546224229037763,0.020168717608304895,0.5246200922876596,16,5,0.049922472966397916
abdomen,chaos,t2spir,noblur,fg,noisefill_lblvor,0.46260862685739995,0.02789670257085322,0.5310284849256277,16,5,0.050126433799430076
abdomen,chaos,t2spir,noblur,fg,noisefill_lblvor_train050,0.7452551156282425,0.13120460028620196,0.7766062021255493,16,5,0.27853387903798754
abdomen,chaos,t2spir,noblur,fg,ours_train050,0.701551704108715,0.09316257658030415,0.7321351818740368,16,5,0.19083026448318738
abdomen,chaos,t2spir,noblur,fg,palette,0.8001245021820068,0.03569821651071384,0.7799555152654648,16,5,0.08023219296293
abdomen,chaos,t2spir,noblur,fg,palette_train050,0.8834444105625152,0.03436837620204681,0.87004309669137,16,5,0.11705830756895905
abdomen,chaos,t2spir,noblur,fg,srcsm,0.6320732031017542,0.06937568892796783,0.6956072323024273,16,5,0.15338103581598456
abdomen,chaos,t2spir,noblur,fg,synthseg_EM,0.5285120379179716,0.03123634167138146,0.6461433187127114,16,5,0.0485118171977744
abdomen,chaos,t2spir,noblur,fg,synthseg_noEM,0.3825639372691512,0.023987068841910732,0.42690892331302166,16,5,0.036498316684476784
abdomen,chaos,t2spir,noblur,lab,auglab_default,0.7128235451877117,0.10655055705844288,0.7511502891778946,16,5,0.20895136048565702
abdomen,chaos,t2spir,noblur,lab,identity,0.9999999962747097,1.4901161202313625e-08,0.9999999850988388,16,1,1.4658849749654735e-08
abdomen,chaos,t2spir,noblur,lab,kmeans,0.4432187259197235,0.03687631072440521,0.5159118372946978,16,5,0.06882184744199968
abdomen,chaos,t2spir,noblur,lab,kmeans_remap,0.39275536648929116,0.02638015846641238,0.4315399192273617,16,5,0.06567914263146012
abdomen,chaos,t2spir,noblur,lab,kmeans_remap_train050,0.7056721389293671,0.11396035249308005,0.7239887248724699,16,5,0.30786136461984126
abdomen,chaos,t2spir,noblur,lab,kmeans_train050,0.6909932028502226,0.1576636126580044,0.7229552619159222,16,5,0.2924850948010026
abdomen,chaos,t2spir,noblur,lab,noise,0.3329949729144573,0.0009093057718748422,0.3327547863125801,16,5,0.0017181564073303977
abdomen,chaos,t2spir,noblur,lab,noisefill,0.38477879799902437,0.024877384637225445,0.41629272550344465,16,5,0.05657872178907296
abdomen,chaos,t2spir,noblur,lab,noisefill_lblvor,0.39238635674118993,0.026659275493754273,0.42913562543690204,16,5,0.06621879310002173
abdomen,chaos,t2spir,noblur,lab,noisefill_lblvor_train050,0.714158970490098,0.14433167311317388,0.7282033264636993,16,5,0.3123022508516654
abdomen,chaos,t2spir,noblur,lab,ours_train050,0.6800533566623926,0.09517802742057561,0.7149373278021812,16,5,0.18724303676037402
abdomen,chaos,t2spir,noblur,lab,palette,0.7922087198123335,0.05150817756835081,0.7792327295988798,16,5,0.14817734665931157
abdomen,chaos,t2spir,noblur,lab,palette_train050,0.8859883971512318,0.04413638129880432,0.874907037615776,16,5,0.1285804734182477
abdomen,chaos,t2spir,noblur,lab,srcsm,0.624295312166214,0.0983036040353175,0.6893915925174952,16,5,0.15763031644135878
abdomen,chaos,t2spir,noblur,lab,synthseg_EM,0.516724506765604,0.03562020396590821,0.6475180704146624,16,5,0.06141477003028107
abdomen,chaos,t2spir,noblur,lab,synthseg_noEM,0.3763436693698168,0.013281113005695575,0.40449971295893195,16,5,0.02502568139624645
brain_healthy,on-harmony,dwi,asblur,fg,auglab_default,0.6445738381147385,0.08378971154607462,0.6896547067165375,20,5,0.1907319448321273
brain_healthy,on-harmony,dwi,asblur,fg,identity,0.9999999880790711,2.446123009369613e-08,0.9999999850988388,20,1,2.4145588093388967e-08
brain_healthy,on-harmony,dwi,asblur,fg,kmeans,0.4863512244820595,0.05378399193207261,0.5695154511928558,20,5,0.09345349163864451
brain_healthy,on-harmony,dwi,asblur,fg,kmeans_remap,0.4749751785397529,0.03834882312750375,0.5344931137561798,20,5,0.06080824911703263
brain_healthy,on-harmony,dwi,asblur,fg,kmeans_remap_train050,0.747612247467041,0.09987317303499262,0.7757697615027428,20,5,0.26646520057832424
brain_healthy,on-harmony,dwi,asblur,fg,kmeans_train050,0.7351540991663933,0.14061892222940023,0.7658139681816101,20,5,0.27679873291781
brain_healthy,on-harmony,dwi,asblur,fg,noise,0.3333445745706558,0.0006230133178762876,0.3334026366472244,20,5,0.001434065985653824
brain_healthy,on-harmony,dwi,asblur,fg,noisefill,0.47428428441286086,0.018760181456976235,0.5361147239804268,20,5,0.04211790891512237
brain_healthy,on-harmony,dwi,asblur,fg,noisefill_lblvor,0.4632084447145462,0.01963182639899293,0.522325222492218,20,5,0.04079588332041916
brain_healthy,on-harmony,dwi,asblur,fg,noisefill_lblvor_train050,0.7178846353292465,0.1361421797766117,0.7485391479730606,20,5,0.273371678645819
brain_healthy,on-harmony,dwi,asblur,fg,ours_train050,0.5998294526338578,0.09626049826037845,0.6334941858053208,20,5,0.1866915311897291
brain_healthy,on-harmony,dwi,asblur,fg,palette,0.622697956264019,0.027584145914543435,0.6568945354223251,20,5,0.06472568083548852
brain_healthy,on-harmony,dwi,asblur,fg,palette_train050,0.7934811830520629,0.06648866318876637,0.8131730526685714,20,5,0.1980877875050628
brain_healthy,on-harmony,dwi,asblur,fg,srcsm,0.5792405930161476,0.04578522143237845,0.6334941163659096,20,5,0.09079399452646784
brain_healthy,on-harmony,dwi,asblur,fg,synthseg_EM,0.42821775704622267,0.017017996784809468,0.4593313059210777,20,5,0.04454091171997285
brain_healthy,on-harmony,dwi,asblur,fg,synthseg_noEM,0.4258947011828423,0.023186190083288212,0.45593880593776703,20,5,0.04450332206259497
brain_healthy,on-harmony,dwi,asblur,lab,auglab_default,0.6419754111766816,0.08568030656428932,0.6884187442064286,20,5,0.1932204982343117
brain_healthy,on-harmony,dwi,asblur,lab,identity,0.9999999940395355,1.8345922568670573e-08,0.9999999940395355,20,1,1.810919107427237e-08
brain_healthy,on-harmony,dwi,asblur,lab,kmeans,0.46150659769773483,0.04863157980225816,0.5362739101052284,20,5,0.08106710688439439
brain_healthy,on-harmony,dwi,asblur,lab,kmeans_remap,0.4521310779452324,0.031060070263378748,0.5102970349788666,20,5,0.04960335231037927
brain_healthy,on-harmony,dwi,asblur,lab,kmeans_remap_train050,0.7389528053998947,0.10347844794156487,0.7668595516681671,20,5,0.27493216293188627
brain_healthy,on-harmony,dwi,asblur,lab,kmeans_train050,0.7225811994075775,0.1458078143815132,0.7548438531160355,20,5,0.28573650193465283
brain_healthy,on-harmony,dwi,asblur,lab,noise,0.3333514642715454,0.0004809195486741548,0.33326543420553206,20,5,0.0014359646394840335
brain_healthy,on-harmony,dwi,asblur,lab,noisefill,0.4512605136632919,0.0191858108747012,0.5103031659126283,20,5,0.03685549514049442
brain_healthy,on-harmony,dwi,asblur,lab,noisefill_lblvor,0.44072280019521715,0.017199220185183082,0.49690581262111666,20,5,0.033604503446138745
brain_healthy,on-harmony,dwi,asblur,lab,noisefill_lblvor_train050,0.7067587625980377,0.14296235692447617,0.7353484076261521,20,5,0.28380442967981556
brain_healthy,on-harmony,dwi,asblur,lab,ours_train050,0.5973549526929856,0.10064433267330876,0.6303467160463333,20,5,0.19130158611514395
brain_healthy,on-harmony,dwi,asblur,lab,palette,0.6131353601813316,0.02805840481492304,0.648016676902771,20,5,0.06603759043349262
brain_healthy,on-harmony,dwi,asblur,lab,palette_train050,0.7883868193626403,0.06869079641085907,0.8072197449207306,20,5,0.2031405609003815
brain_healthy,on-harmony,dwi,asblur,lab,srcsm,0.5662494000792504,0.042116712691949124,0.6211235678195953,20,5,0.0827572413180385
brain_healthy,on-harmony,dwi,asblur,lab,synthseg_EM,0.41952184289693834,0.011668797179373478,0.4557649689912796,20,5,0.03672414812778285
brain_healthy,on-harmony,dwi,asblur,lab,synthseg_noEM,0.4150517261028289,0.0198785054259255,0.4478309002518654,20,5,0.036632559703661374
brain_healthy,on-harmony,dwi,noblur,fg,auglab_default,0.7187125480175018,0.09604933187369398,0.7585721734166145,20,5,0.20962708312097636
brain_healthy,on-harmony,dwi,noblur,fg,identity,0.9999999880790711,2.446123009369613e-08,0.9999999850988388,20,1,2.4145588093388967e-08
brain_healthy,on-harmony,dwi,noblur,fg,kmeans,0.468219838142395,0.05213816642373605,0.5483965456485749,20,5,0.08614157179619587
brain_healthy,on-harmony,dwi,noblur,fg,kmeans_remap,0.4632468220591545,0.034958499285142414,0.5217650291323662,20,5,0.05596855293873463
brain_healthy,on-harmony,dwi,noblur,fg,kmeans_remap_train050,0.7415409108996391,0.10303329171146233,0.7686387917399407,20,5,0.2725562440445603
brain_healthy,on-harmony,dwi,noblur,fg,kmeans_train050,0.7279878321290016,0.14596227903529765,0.757540528178215,20,5,0.2819044092253098
brain_healthy,on-harmony,dwi,noblur,fg,noise,0.3333445745706558,0.0006230133178762876,0.3334026366472244,20,5,0.001434065985653824
brain_healthy,on-harmony,dwi,noblur,fg,noisefill,0.46142351806163784,0.01653472360650764,0.521007613837719,20,5,0.039705456207491004
brain_healthy,on-harmony,dwi,noblur,fg,noisefill_lblvor,0.45455266505479813,0.01866222276929824,0.5123806846141815,20,5,0.0388445622235171
brain_healthy,on-harmony,dwi,noblur,fg,noisefill_lblvor_train050,0.7124716079235076,0.139336662644304,0.7415722459554672,20,5,0.2784888351020731
brain_healthy,on-harmony,dwi,noblur,fg,ours_train050,0.6465843033790588,0.09234484348509542,0.6807179400324822,20,5,0.18613601951071634
brain_healthy,on-harmony,dwi,noblur,fg,palette,0.654825862646103,0.041242703730189886,0.6684100848436356,20,5,0.07345887914600255
brain_healthy,on-harmony,dwi,noblur,fg,palette_train050,0.8129390740394593,0.062091101022949576,0.8200045132637024,20,5,0.18196403687763635
brain_healthy,on-harmony,dwi,noblur,fg,srcsm,0.6029508683085442,0.04494921172439121,0.6607360821962357,20,5,0.09532247231998907
brain_healthy,on-harmony,dwi,noblur,fg,synthseg_EM,0.5125230443477631,0.021845872339899226,0.5836114767193794,20,5,0.03362000912564713
brain_healthy,on-harmony,dwi,noblur,fg,synthseg_noEM,0.5021653646230698,0.02558270553924393,0.5712685763835907,20,5,0.034666140559020994
brain_healthy,on-harmony,dwi,noblur,lab,auglab_default,0.7147446304559708,0.10186284064881472,0.7526145052909852,20,5,0.2156655386900075
brain_healthy,on-harmony,dwi,noblur,lab,identity,0.9999999940395355,1.8345922568670573e-08,0.9999999940395355,20,1,1.810919107427237e-08
brain_healthy,on-harmony,dwi,noblur,lab,kmeans,0.4428654572367668,0.04631905221190497,0.5115010711550713,20,5,0.07339506964150244
brain_healthy,on-harmony,dwi,noblur,lab,kmeans_remap,0.44069458067417144,0.027369568122873462,0.49641435652971266,20,5,0.044875006634812815
brain_healthy,on-harmony,dwi,noblur,lab,kmeans_remap_train050,0.7327160927653312,0.10629034087014887,0.7589530700445175,20,5,0.2812368227574761
brain_healthy,on-harmony,dwi,noblur,lab,kmeans_train050,0.7152321895956992,0.15186685777203054,0.7453127709031105,20,5,0.291410729028983
brain_healthy,on-harmony,dwi,noblur,lab,noise,0.3333514642715454,0.0004809195486741548,0.33326543420553206,20,5,0.0014359646394840335
brain_healthy,on-harmony,dwi,noblur,lab,noisefill,0.4390651360154152,0.016569327990498508,0.4949079102277755,20,5,0.034115915573810905
brain_healthy,on-harmony,dwi,noblur,lab,noisefill_lblvor,0.4329328793287277,0.017978210185878845,0.48696706384420396,20,5,0.033202380049124354
brain_healthy,on-harmony,dwi,noblur,lab,noisefill_lblvor_train050,0.7021415767073631,0.1454543747577563,0.7290866222977639,20,5,0.28819726165909487
brain_healthy,on-harmony,dwi,noblur,lab,ours_train050,0.6429793757200242,0.09799730162077622,0.6741828596591949,20,5,0.1914036332324244
brain_healthy,on-harmony,dwi,noblur,lab,palette,0.6527467215061188,0.03729603730963034,0.6645298713445664,20,5,0.07007979483254341
brain_healthy,on-harmony,dwi,noblur,lab,palette_train050,0.812817666530609,0.0621058665789887,0.8177265280485153,20,5,0.18210401795268336
brain_healthy,on-harmony,dwi,noblur,lab,srcsm,0.5834873127937317,0.038109661853959816,0.6406368014216424,20,5,0.08485888082241111
brain_healthy,on-harmony,dwi,noblur,lab,synthseg_EM,0.4884972307085991,0.019262332567141976,0.5641891035437584,20,5,0.029143995354229624
brain_healthy,on-harmony,dwi,noblur,lab,synthseg_noEM,0.46913458615541453,0.02395200802539185,0.5334463569521903,20,5,0.030459831680712753
brain_healthy,on-harmony,t1w,asblur,fg,auglab_default,0.681255401968956,0.07907006978277326,0.7474194207787515,20,5,0.18178941469589557
brain_healthy,on-harmony,t1w,asblur,fg,identity,0.9999999880790711,4.1476033564299796e-08,0.9999999940395355,20,1,4.094083652936039e-08
brain_healthy,on-harmony,t1w,asblur,fg,kmeans,0.5009897941350937,0.05905546650746737,0.5902510511875152,20,5,0.09608387684537273
brain_healthy,on-harmony,t1w,asblur,fg,kmeans_remap,0.4901907479763031,0.03636640014216318,0.5861658158898353,20,5,0.06510373233139996
brain_healthy,on-harmony,t1w,asblur,fg,kmeans_remap_train050,0.7619178846478463,0.09917182836975318,0.810807449221611,20,5,0.2520231456509273
brain_healthy,on-harmony,t1w,asblur,fg,kmeans_train050,0.7299125355482101,0.14844435064827854,0.7660627356171608,20,5,0.27932217661621983
brain_healthy,on-harmony,t1w,asblur,fg,noise,0.33346022754907606,0.0001677335551795001,0.33345069259405136,20,5,0.0003406380846832478
brain_healthy,on-harmony,t1w,asblur,fg,noisefill,0.48897202461957934,0.029778382893166918,0.5853116571903229,20,5,0.04840060149364958
brain_healthy,on-harmony,t1w,asblur,fg,noisefill_lblvor,0.4965399214625359,0.03266705460163982,0.5953770443797112,20,5,0.04816776349283463
brain_healthy,on-harmony,t1w,asblur,fg,noisefill_lblvor_train050,0.7372921738028526,0.13071517443804967,0.7884569016098977,20,5,0.25569217180839987
brain_healthy,on-harmony,t1w,asblur,fg,ours_train050,0.6655056723952294,0.08463422922161257,0.7254901176691055,20,5,0.17312290410424463
brain_healthy,on-harmony,t1w,asblur,fg,palette,0.7242768049240113,0.0356025946164161,0.7733752393722535,20,5,0.08391510130128402
brain_healthy,on-harmony,t1w,asblur,fg,palette_train050,0.8555592679977417,0.05464673642190026,0.8761918413639069,20,5,0.13898446276187368
brain_healthy,on-harmony,t1w,asblur,fg,srcsm,0.6338963881134987,0.037606979530321376,0.6992018014192581,20,5,0.08401218631806048
brain_healthy,on-harmony,t1w,asblur,fg,synthseg_EM,0.47576705634593963,0.02127785745840827,0.5523299330472946,20,5,0.04768202526520625
brain_healthy,on-harmony,t1w,asblur,fg,synthseg_noEM,0.4471970093250275,0.03042756071639492,0.5108024531602859,20,5,0.052069371520440076
brain_healthy,on-harmony,t1w,asblur,lab,auglab_default,0.689993793964386,0.08041600393952666,0.75954869389534,20,5,0.1800430831803521
brain_healthy,on-harmony,t1w,asblur,lab,identity,0.9999999880790711,2.4461230091102728e-08,0.9999999910593033,20,1,2.4145588094668456e-08
brain_healthy,on-harmony,t1w,asblur,lab,kmeans,0.5089127406477928,0.06257113764967269,0.6029761174321175,20,5,0.10898678186047911
brain_healthy,on-harmony,t1w,asblur,lab,kmeans_remap,0.49305929809808735,0.02992588087534063,0.5940168491005897,20,5,0.06540936317694385
brain_healthy,on-harmony,t1w,asblur,lab,kmeans_remap_train050,0.7653192594647408,0.09855511690776515,0.8195278719067574,20,5,0.24824972737677442
brain_healthy,on-harmony,t1w,asblur,lab,kmeans_train050,0.730380140542984,0.14558955691534972,0.7665425711870194,20,5,0.2807011560201628
brain_healthy,on-harmony,t1w,asblur,lab,noise,0.33330314248800275,0.00015675725176027362,0.33326559007167816,20,5,0.0003811927689217804
brain_healthy,on-harmony,t1w,asblur,lab,noisefill,0.4921861717104912,0.02855231955547308,0.5942555958032608,20,5,0.05277506610461863
brain_healthy,on-harmony,t1w,asblur,lab,noisefill_lblvor,0.5003741353750228,0.03075165981892285,0.6055145290493965,20,5,0.04851179456497158
brain_healthy,on-harmony,t1w,asblur,lab,noisefill_lblvor_train050,0.7411165109276772,0.12812915007226908,0.7976685801148415,20,5,0.2521016574436007
brain_healthy,on-harmony,t1w,asblur,lab,ours_train050,0.6725833883881569,0.0828441041185259,0.7383168375492095,20,5,0.17191443889642674
brain_healthy,on-harmony,t1w,asblur,lab,palette,0.7343510267138481,0.02920034932114174,0.7917558300495148,20,5,0.07527097422297134
brain_healthy,on-harmony,t1w,asblur,lab,palette_train050,0.8611805260181427,0.052419911185419374,0.8865086913108826,20,5,0.1339108774695521
brain_healthy,on-harmony,t1w,asblur,lab,srcsm,0.6373121526837349,0.03493619169500676,0.7038343274593354,20,5,0.0744618655067799
brain_healthy,on-harmony,t1w,asblur,lab,synthseg_EM,0.483112995326519,0.022641311197430358,0.5646491971611977,20,5,0.05542699633256676
brain_healthy,on-harmony,t1w,asblur,lab,synthseg_noEM,0.48305294394493103,0.02814312609325833,0.5680748212337494,20,5,0.058449422104807455
brain_healthy,on-harmony,t1w,noblur,fg,auglab_default,0.7427553954720497,0.09192912468545324,0.7881334221363068,20,5,0.2068289511350453
brain_healthy,on-harmony,t1w,noblur,fg,identity,0.9999999880790711,4.1476033564299796e-08,0.9999999940395355,20,1,4.094083652936039e-08
brain_healthy,on-harmony,t1w,noblur,fg,kmeans,0.4784377548098564,0.05262141986416922,0.5602896550297738,20,5,0.08315614360310485
brain_healthy,on-harmony,t1w,noblur,fg,kmeans_remap,0.4741641944646835,0.032665960285712024,0.5648496222496033,20,5,0.05723868925610032
brain_healthy,on-harmony,t1w,noblur,fg,kmeans_remap_train050,0.752188911139965,0.10222869032261847,0.7972442519664764,20,5,0.2618070955375898
brain_healthy,on-harmony,t1w,noblur,fg,kmeans_train050,0.7223936402797699,0.15107673138890276,0.7558415007591248,20,5,0.2849947731344614
brain_healthy,on-harmony,t1w,noblur,fg,noise,0.33346022754907606,0.0001677335551795001,0.33345069259405136,20,5,0.0003406380846832478
brain_healthy,on-harmony,t1w,noblur,fg,noisefill,0.4733460310101509,0.026318159573358393,0.5638045811653137,20,5,0.04198981887967763
brain_healthy,on-harmony,t1w,noblur,fg,noisefill_lblvor,0.4788408032059669,0.027397147711432767,0.5711701691150666,20,5,0.042547856277119864
brain_healthy,on-harmony,t1w,noblur,fg,noisefill_lblvor_train050,0.7291409248113633,0.1345693537972969,0.7766420745849609,20,5,0.2632381682552674
brain_healthy,on-harmony,t1w,noblur,fg,ours_train050,0.7118866351246834,0.08101880518645141,0.7594047477841377,20,5,0.17310360361737814
brain_healthy,on-harmony,t1w,noblur,fg,palette,0.7683922712504864,0.04955576490598967,0.7782344409823418,20,5,0.09348129078952558
brain_healthy,on-harmony,t1w,noblur,fg,palette_train050,0.8746500051021575,0.04598617583695391,0.8774452233314515,20,5,0.12081310493106219
brain_healthy,on-harmony,t1w,noblur,fg,srcsm,0.6442818921804429,0.04661504122140542,0.702335370182991,20,5,0.09150908832691812
brain_healthy,on-harmony,t1w,noblur,fg,synthseg_EM,0.5593775182962417,0.028865579184452893,0.6864678996801377,20,5,0.04190269964956679
brain_healthy,on-harmony,t1w,noblur,fg,synthseg_noEM,0.509261031448841,0.03756070085646439,0.6197919693589211,20,5,0.048550144831323375
brain_healthy,on-harmony,t1w,noblur,lab,auglab_default,0.7466045513749122,0.09037739777913842,0.7944575211405753,20,5,0.20676228112057615
brain_healthy,on-harmony,t1w,noblur,lab,identity,0.9999999880790711,2.4461230091102728e-08,0.9999999910593033,20,1,2.4145588094668456e-08
brain_healthy,on-harmony,t1w,noblur,lab,kmeans,0.4805083632469177,0.056004055422194686,0.5656219297647477,20,5,0.09319960640840975
brain_healthy,on-harmony,t1w,noblur,lab,kmeans_remap,0.47398564308881763,0.02562045587406886,0.5688181483745576,20,5,0.05504182703411894
brain_healthy,on-harmony,t1w,noblur,lab,kmeans_remap_train050,0.753755163550377,0.10189773266860465,0.8032172212004662,20,5,0.2600018945788648
brain_healthy,on-harmony,t1w,noblur,lab,kmeans_train050,0.7211650830507279,0.1490882874007549,0.7540949887037277,20,5,0.28750789882574473
brain_healthy,on-harmony,t1w,noblur,lab,noise,0.33330314248800275,0.00015675725176027362,0.33326559007167816,20,5,0.0003811927689217804
brain_healthy,on-harmony,t1w,noblur,lab,noisefill,0.47399819642305374,0.02519797853958773,0.5697376909852028,20,5,0.045934784952564964
brain_healthy,on-harmony,t1w,noblur,lab,noisefill_lblvor,0.4791657644510269,0.023026025043894192,0.5767717713117599,20,5,0.04270241295431973
brain_healthy,on-harmony,t1w,noblur,lab,noisefill_lblvor_train050,0.73131373077631,0.13295284053944237,0.7837389850616455,20,5,0.2610405507903961
brain_healthy,on-harmony,t1w,noblur,lab,ours_train050,0.7139423871040345,0.07783254488613459,0.7686630675196648,20,5,0.17304158078358553
brain_healthy,on-harmony,t1w,noblur,lab,palette,0.7707968047261238,0.04120010194952102,0.7894925636053085,20,5,0.08876389743043209
brain_healthy,on-harmony,t1w,noblur,lab,palette_train050,0.8761670416593551,0.04598856764334615,0.8843435752391816,20,5,0.12119220562214189
brain_healthy,on-harmony,t1w,noblur,lab,srcsm,0.645046039223671,0.048637502938454334,0.7089210599660873,20,5,0.0845068744745815
brain_healthy,on-harmony,t1w,noblur,lab,synthseg_EM,0.5689597916603089,0.02516019704391762,0.7073841896653176,20,5,0.046945151741420124
brain_healthy,on-harmony,t1w,noblur,lab,synthseg_noEM,0.5585061249136924,0.023987307938130534,0.7053330343961716,20,5,0.04728468346761247
brain_healthy,on-harmony,t2w,asblur,fg,auglab_default,0.6567039158940315,0.09895180840770815,0.7133545842766762,20,5,0.19751944483264486
brain_healthy,on-harmony,t2w,asblur,fg,identity,0.9999999880790711,2.4461230096026293e-08,0.9999999880790711,20,1,2.4145588096633162e-08
brain_healthy,on-harmony,t2w,asblur,fg,kmeans,0.4652977430820465,0.05678479312068391,0.5299704134464264,20,5,0.0993054879822117
brain_healthy,on-harmony,t2w,asblur,fg,kmeans_remap,0.47551449835300447,0.04579772931169936,0.5584992375969887,20,5,0.06589088461451302
brain_healthy,on-harmony,t2w,asblur,fg,kmeans_remap_train050,0.7459395033121109,0.10690598147264238,0.783371792435646,20,5,0.2685637726518457
brain_healthy,on-harmony,t2w,asblur,fg,kmeans_train050,0.7233125451207161,0.15362965068137305,0.7523142144083976,20,5,0.28633213430955556
brain_healthy,on-harmony,t2w,asblur,fg,noise,0.33339114665985103,0.00015645887932577937,0.3333533641695976,20,5,0.00038623183769988657
brain_healthy,on-harmony,t2w,asblur,fg,noisefill,0.46527677178382876,0.021736674366936378,0.5456341874599457,20,5,0.044318464398665686
brain_healthy,on-harmony,t2w,asblur,fg,noisefill_lblvor,0.476705057322979,0.03446403399668907,0.5593058544397354,20,5,0.04889300932334138
brain_healthy,on-harmony,t2w,asblur,fg,noisefill_lblvor_train050,0.7241210845112801,0.12824241755324453,0.7633687195181846,20,5,0.2692265218272428
brain_healthy,on-harmony,t2w,asblur,fg,ours_train050,0.6367146560549737,0.09161161763986694,0.6896768900752067,20,5,0.18326104013789452
brain_healthy,on-harmony,t2w,asblur,fg,palette,0.7096424919366837,0.04299664938789683,0.750680042207241,20,5,0.09739866313615837
brain_healthy,on-harmony,t2w,asblur,fg,palette_train050,0.8324953943490982,0.07060034841246095,0.8600367373228073,20,5,0.16972004195922433
brain_healthy,on-harmony,t2w,asblur,fg,srcsm,0.615681180828496,0.04121655272345943,0.6756268137379697,19,5,0.07573286035662782
brain_healthy,on-harmony,t2w,asblur,fg,synthseg_EM,0.45459097832441325,0.023098841532782334,0.5191885942220688,20,5,0.04733756404859141
brain_healthy,on-harmony,t2w,asblur,fg,synthseg_noEM,0.4391460797190666,0.026768787029501327,0.5017213168740272,20,5,0.043543543356820626
brain_healthy,on-harmony,t2w,asblur,lab,auglab_default,0.662793153822422,0.09752159239672561,0.7242216166853905,20,5,0.1907418695617323
brain_healthy,on-harmony,t2w,asblur,lab,identity,0.9999999850988388,2.6480058322108943e-08,0.9999999940395355,20,1,2.6138365826815223e-08
brain_healthy,on-harmony,t2w,asblur,lab,kmeans,0.4668330484628678,0.05766338497883779,0.5314559119939803,20,5,0.10356257317434392
brain_healthy,on-harmony,t2w,asblur,lab,kmeans_remap,0.47847358226776127,0.045624827539132315,0.5599300813674927,20,5,0.06712698683130422
brain_healthy,on-harmony,t2w,asblur,lab,kmeans_remap_train050,0.7456939214468002,0.10665746890565557,0.7818399783968926,20,5,0.2691775957452386
brain_healthy,on-harmony,t2w,asblur,lab,kmeans_train050,0.7233132982254029,0.15524442550377143,0.7510699558258056,20,5,0.28741565068136127
brain_healthy,on-harmony,t2w,asblur,lab,noise,0.33336525112390514,0.0001943527320598043,0.3333115258812904,20,5,0.0003841551350082647
brain_healthy,on-harmony,t2w,asblur,lab,noisefill,0.46591807156801224,0.02220675971497725,0.5439928868412972,20,5,0.04667699435047033
brain_healthy,on-harmony,t2w,asblur,lab,noisefill_lblvor,0.47643078088760377,0.034418883366478685,0.556938444674015,20,5,0.05081970255061539
brain_healthy,on-harmony,t2w,asblur,lab,noisefill_lblvor_train050,0.7259265354275704,0.12542139984194872,0.7649132961034775,20,5,0.267759697302239
brain_healthy,on-harmony,t2w,asblur,lab,ours_train050,0.6416033831238747,0.08980869847503517,0.7002167171239853,20,5,0.17713928087744277
brain_healthy,on-harmony,t2w,asblur,lab,palette,0.709969202876091,0.04160576071585537,0.7569272631406784,20,5,0.09615031636115642
brain_healthy,on-harmony,t2w,asblur,lab,palette_train050,0.8323205906152726,0.0693705985219706,0.862890912592411,20,5,0.1697450552410835
brain_healthy,on-harmony,t2w,asblur,lab,srcsm,0.6238851961336638,0.04785980861813729,0.6888823208055999,19,5,0.08264672149097993
brain_healthy,on-harmony,t2w,asblur,lab,synthseg_EM,0.46523092597723004,0.025074514593741,0.533024915754795,20,5,0.05093600725469827
brain_healthy,on-harmony,t2w,asblur,lab,synthseg_noEM,0.4549628952145577,0.025033766255017888,0.5226712134480477,20,5,0.045040999455234
brain_healthy,on-harmony,t2w,noblur,fg,auglab_default,0.7184110894799233,0.10555386999481342,0.7586123332381248,20,5,0.219814672197867
brain_healthy,on-harmony,t2w,noblur,fg,identity,0.9999999880790711,2.4461230096026293e-08,0.9999999880790711,20,1,2.4145588096633162e-08
brain_healthy,on-harmony,t2w,noblur,fg,kmeans,0.45182296335697175,0.05114772650515568,0.5120307582616805,20,5,0.09029376421914248
brain_healthy,on-harmony,t2w,noblur,fg,kmeans_remap,0.4611695858836174,0.04164140368643412,0.5394043797254563,20,5,0.05906720724473155
brain_healthy,on-harmony,t2w,noblur,fg,kmeans_remap_train050,0.73820954144001,0.1110556170075808,0.7720470598340035,20,5,0.27609517412837187
brain_healthy,on-harmony,t2w,noblur,fg,kmeans_train050,0.7173599508404732,0.15436799810215443,0.744520974457264,20,5,0.29057098724562286
brain_healthy,on-harmony,t2w,noblur,fg,noise,0.33339114665985103,0.00015645887932577937,0.3333533641695976,20,5,0.00038623183769988657
brain_healthy,on-harmony,t2w,noblur,fg,noisefill,0.4549166938662529,0.02043073584041019,0.5307165831327438,20,5,0.04173790701105399
brain_healthy,on-harmony,t2w,noblur,fg,noisefill_lblvor,0.4626066282391548,0.029927667001381084,0.5394788581132889,20,5,0.044360636569887375
brain_healthy,on-harmony,t2w,noblur,fg,noisefill_lblvor_train050,0.7177649417519569,0.13286805551853528,0.7548343792557717,20,5,0.2748038793986351
brain_healthy,on-harmony,t2w,noblur,fg,ours_train050,0.6856584984064102,0.0959944783521446,0.7278305447101593,20,5,0.1892293369299635
brain_healthy,on-harmony,t2w,noblur,fg,palette,0.7410663458704948,0.047266099207140665,0.7574066320061684,20,5,0.10686047168396255
brain_healthy,on-harmony,t2w,noblur,fg,palette_train050,0.8580788576602936,0.06763884994637838,0.8650386327505112,20,5,0.1519963070560986
brain_healthy,on-harmony,t2w,noblur,fg,srcsm,0.6297804152965545,0.0512948219103843,0.6888792914152145,20,5,0.08078681085347385
brain_healthy,on-harmony,t2w,noblur,fg,synthseg_EM,0.5318150866031647,0.031799956717454586,0.6417961421608924,20,5,0.044326131917821796
brain_healthy,on-harmony,t2w,noblur,fg,synthseg_noEM,0.4995012038946152,0.035462895004156024,0.6084416747093201,20,5,0.04636352526716426
brain_healthy,on-harmony,t2w,noblur,lab,auglab_default,0.7204982924461365,0.10452872806144194,0.7642222136259079,20,5,0.21472849813356998
brain_healthy,on-harmony,t2w,noblur,lab,identity,0.9999999850988388,2.6480058322108943e-08,0.9999999940395355,20,1,2.6138365826815223e-08
brain_healthy,on-harmony,t2w,noblur,lab,kmeans,0.45028404802083966,0.05211749199208658,0.5094369459152222,20,5,0.09433234526713069
brain_healthy,on-harmony,t2w,noblur,lab,kmeans_remap,0.46164746493101116,0.0409043351813541,0.5376188126206398,20,5,0.05898987512963958
brain_healthy,on-harmony,t2w,noblur,lab,kmeans_remap_train050,0.736637379527092,0.11157224002647559,0.7687631145119667,20,5,0.27794587976600044
brain_healthy,on-harmony,t2w,noblur,lab,kmeans_train050,0.7159201848506928,0.15609042757788594,0.7413632103800774,20,5,0.29267449930525385
brain_healthy,on-harmony,t2w,noblur,lab,noise,0.33336525112390514,0.0001943527320598043,0.3333115258812904,20,5,0.0003841551350082647
brain_healthy,on-harmony,t2w,noblur,lab,noisefill,0.45388291686773297,0.02078904648880459,0.5269716221094132,20,5,0.0432701015832329
brain_healthy,on-harmony,t2w,noblur,lab,noisefill_lblvor,0.45923021286725996,0.029861721900726113,0.5330108126997948,20,5,0.045850782382178594
brain_healthy,on-harmony,t2w,noblur,lab,noisefill_lblvor_train050,0.718310018479824,0.1309636099229913,0.7547858369350433,20,5,0.27439477652281297
brain_healthy,on-harmony,t2w,noblur,lab,ours_train050,0.6860891756415367,0.09439867411021256,0.7342637199163436,20,5,0.1849770431675794
brain_healthy,on-harmony,t2w,noblur,lab,palette,0.737590399980545,0.05118552277638629,0.7607661667466163,20,5,0.11284156584126916
brain_healthy,on-harmony,t2w,noblur,lab,palette_train050,0.8553608813881874,0.06740176822263992,0.8668186798691749,20,5,0.15588066687612587
brain_healthy,on-harmony,t2w,noblur,lab,srcsm,0.6344421285390853,0.048892104719435156,0.6991821670532227,20,5,0.07848979317557576
brain_healthy,on-harmony,t2w,noblur,lab,synthseg_EM,0.5388195502758026,0.031707363532080736,0.6484611171483994,20,5,0.04712896640647481
brain_healthy,on-harmony,t2w,noblur,lab,synthseg_noEM,0.5129135468602181,0.033344000635784056,0.6225407069921494,20,5,0.047767708285681394
breast,ispy2,t1wce,asblur,fg,auglab_default,0.6644125962257386,0.10793015105426132,0.7207708129286766,20,5,0.221858033227585
breast,ispy2,t1wce,asblur,fg,identity,0.9999999910593033,2.183601549001438e-08,0.9999999910593033,20,1,2.1554248659549598e-08
breast,ispy2,t1wce,asblur,fg,kmeans,0.47789891451597216,0.04905751147018649,0.5425215891003609,20,5,0.07899103407135684
breast,ispy2,t1wce,asblur,fg,kmeans_remap,0.46030267000198366,0.04373321618424613,0.5141924747824669,20,5,0.09206865221611882
breast,ispy2,t1wce,asblur,fg,kmeans_remap_train050,0.7504307907819748,0.10347155824108116,0.7795971447229386,20,5,0.26701023471682417
breast,ispy2,t1wce,asblur,fg,kmeans_train050,0.734550212919712,0.14873680061249878,0.7625707477331162,20,5,0.2746446453396937
breast,ispy2,t1wce,asblur,fg,noise,0.33343028396368024,0.00039468461477786297,0.3334978321194649,20,5,0.0006395638421196849
breast,ispy2,t1wce,asblur,fg,noisefill,0.47211301267147066,0.0401866917520557,0.5321708944439888,20,5,0.07433956728684417
breast,ispy2,t1wce,asblur,fg,noisefill_lblvor,0.4736652335524559,0.03214143285531198,0.5366088443994522,20,5,0.06112907508258886
breast,ispy2,t1wce,asblur,fg,noisefill_lblvor_train050,0.7274888855218887,0.1347227198724163,0.759269073009491,20,5,0.26750291708371965
breast,ispy2,t1wce,asblur,fg,ours_train050,0.6534044986963272,0.10594866982478902,0.6938856919109821,20,5,0.21952915484473554
breast,ispy2,t1wce,asblur,fg,palette,0.7651620310544968,0.05333610919559014,0.787448617219925,20,5,0.09738899490928739
breast,ispy2,t1wce,asblur,fg,palette_train050,0.8668864431977272,0.06485789063481777,0.8752174812555313,20,5,0.14850330802436193
breast,ispy2,t1wce,asblur,fg,srcsm,0.643483438193798,0.10112004723871255,0.685413444340229,20,5,0.22174975986644982
breast,ispy2,t1wce,asblur,fg,synthseg_EM,0.42234800517559046,0.027073595013496564,0.47107390433549884,20,5,0.0578476374664438
breast,ispy2,t1wce,asblur,fg,synthseg_noEM,0.3232120599597692,0.026630126448927816,0.3241853436827659,20,5,0.045757085610575995
breast,ispy2,t1wce,asblur,lab,auglab_default,0.6463940557837486,0.11268900977450624,0.6993781983852386,20,5,0.21425183558169733
breast,ispy2,t1wce,asblur,lab,identity,0.9999999821186065,2.8023859613247398e-08,0.9999999821186065,20,1,2.7662246272098745e-08
breast,ispy2,t1wce,asblur,lab,kmeans,0.44831313490867614,0.07042715785926179,0.494747870862484,20,5,0.12371995767119288
breast,ispy2,t1wce,asblur,lab,kmeans_remap,0.38073147505521776,0.0371907170737509,0.4034239733219147,20,5,0.09111488725235502
breast,ispy2,t1wce,asblur,lab,kmeans_remap_train050,0.7283562737703323,0.11166583813159209,0.7441079333424568,20,5,0.2990760236189986
breast,ispy2,t1wce,asblur,lab,kmeans_train050,0.7068992599844932,0.1592924955348497,0.7239165335893631,20,5,0.30362630819389563
breast,ispy2,t1wce,asblur,lab,noise,0.3333942800760269,0.004257234305625076,0.33248502284288406,20,5,0.011404001406385438
breast,ispy2,t1wce,asblur,lab,noisefill,0.3836086577177048,0.035478119573440735,0.40336463361978525,20,5,0.0918684608481176
breast,ispy2,t1wce,asblur,lab,noisefill_lblvor,0.39468566060066224,0.05782614513079602,0.42132208168506624,20,5,0.10269700489996574
breast,ispy2,t1wce,asblur,lab,noisefill_lblvor_train050,0.6804111829400064,0.1602333439282762,0.6940704780817032,20,5,0.3159379498585533
breast,ispy2,t1wce,asblur,lab,ours_train050,0.6071920868754387,0.12924225216043397,0.6536139738559723,20,5,0.21711969950786514
breast,ispy2,t1wce,asblur,lab,palette,0.7549441863968969,0.09669716901259663,0.8029745269194246,20,5,0.19770898486918614
breast,ispy2,t1wce,asblur,lab,palette_train050,0.851816868185997,0.06670086391515358,0.8826479366421699,20,5,0.18431656010833183
breast,ispy2,t1wce,asblur,lab,srcsm,0.6299126970767974,0.0920748821658817,0.6816452166438103,20,5,0.2267677517842616
breast,ispy2,t1wce,asblur,lab,synthseg_EM,0.4369321349263191,0.0468206748813159,0.4867487931251526,20,5,0.07810342243791753
breast,ispy2,t1wce,asblur,lab,synthseg_noEM,0.3683380141854286,0.023560638833354148,0.3894125761091709,20,5,0.045260659761421095
breast,ispy2,t1wce,noblur,fg,auglab_default,0.7376503080129624,0.12037174774066477,0.7755288648605346,20,5,0.24670977161486574
breast,ispy2,t1wce,noblur,fg,identity,0.9999999910593033,2.183601549001438e-08,0.9999999910593033,20,1,2.1554248659549598e-08
breast,ispy2,t1wce,noblur,fg,kmeans,0.46362065106630324,0.045009354804631696,0.521749187707901,20,5,0.07414068772811185
breast,ispy2,t1wce,noblur,fg,kmeans_remap,0.44699673771858217,0.04044412698817078,0.4948534816503525,20,5,0.08493240250041395
breast,ispy2,t1wce,noblur,fg,kmeans_remap_train050,0.7431746178865433,0.10637616370522343,0.7687762632966042,20,5,0.27456833167517203
breast,ispy2,t1wce,noblur,fg,kmeans_train050,0.7296558412909507,0.15114663166376632,0.7550215914845466,20,5,0.279173567227471
breast,ispy2,t1wce,noblur,fg,noise,0.33343028396368024,0.00039468461477786297,0.3334978321194649,20,5,0.0006395638421196849
breast,ispy2,t1wce,noblur,fg,noisefill,0.45857496559619904,0.03583464600659364,0.512773334980011,20,5,0.06826643262901687
breast,ispy2,t1wce,noblur,fg,noisefill_lblvor,0.4593032556772232,0.027813058284576322,0.515785698890686,20,5,0.05544579898278001
breast,ispy2,t1wce,noblur,fg,noisefill_lblvor_train050,0.7202452462911606,0.13736913828234884,0.7488404992222786,20,5,0.2738673425770834
breast,ispy2,t1wce,noblur,fg,ours_train050,0.7051158916950226,0.11013338732962918,0.7304346914589405,20,5,0.2221417004215784
breast,ispy2,t1wce,noblur,fg,palette,0.8277482888102531,0.04939714253833178,0.8175323542952537,20,5,0.07967153010128468
breast,ispy2,t1wce,noblur,fg,palette_train050,0.8975371631979943,0.045639116104954934,0.8896303743124008,20,5,0.11993480897007833
breast,ispy2,t1wce,noblur,fg,srcsm,0.6335539731383324,0.08476563181857488,0.6669870406389237,20,5,0.23773665241609845
breast,ispy2,t1wce,noblur,fg,synthseg_EM,0.5033053189516068,0.0460694969438956,0.5792177778482437,20,5,0.08283687714726072
breast,ispy2,t1wce,noblur,fg,synthseg_noEM,0.32945820599794384,0.022265473538592876,0.33390384718775745,20,5,0.037186613972359554
breast,ispy2,t1wce,noblur,lab,auglab_default,0.717191734611988,0.11920362872800745,0.7547858700156211,20,5,0.23481876855302655
breast,ispy2,t1wce,noblur,lab,identity,0.9999999821186065,2.8023859613247398e-08,0.9999999821186065,20,1,2.7662246272098745e-08
breast,ispy2,t1wce,noblur,lab,kmeans,0.4299901208281517,0.06968448683432246,0.4702453249692917,20,5,0.1156872172412234
breast,ispy2,t1wce,noblur,lab,kmeans_remap,0.3700997495651245,0.037845723439996655,0.3862752965092659,20,5,0.08364220319550386
breast,ispy2,t1wce,noblur,lab,kmeans_remap_train050,0.7212620490789414,0.11328657735550055,0.7333196583390236,20,5,0.30525917677909586
breast,ispy2,t1wce,noblur,lab,kmeans_train050,0.701035623550415,0.16442267502662375,0.7162674459815025,20,5,0.30843762011338854
breast,ispy2,t1wce,noblur,lab,noise,0.3333942800760269,0.004257234305625076,0.33248502284288406,20,5,0.011404001406385438
breast,ispy2,t1wce,noblur,lab,noisefill,0.374508963227272,0.03717084883057885,0.38994939297437664,20,5,0.0872038161721066
breast,ispy2,t1wce,noblur,lab,noisefill_lblvor,0.3823489135503769,0.05701761908998656,0.4011460271477699,20,5,0.09667926201904803
breast,ispy2,t1wce,noblur,lab,noisefill_lblvor_train050,0.6768542447686196,0.1616385708052112,0.6888209581375122,20,5,0.3184396426054717
breast,ispy2,t1wce,noblur,lab,ours_train050,0.630692574721761,0.14040516154584776,0.6714309805911034,20,5,0.24116454682155464
breast,ispy2,t1wce,noblur,lab,palette,0.8013916849531233,0.09711822393177268,0.8233609653823077,20,5,0.22043478673331665
breast,ispy2,t1wce,noblur,lab,palette_train050,0.8700292566977442,0.07466444677217247,0.8875566147826612,20,5,0.20336216359797293
breast,ispy2,t1wce,noblur,lab,srcsm,0.6276974871754646,0.10124694994946336,0.6809506359696388,20,5,0.21317201147134374
breast,ispy2,t1wce,noblur,lab,synthseg_EM,0.5555037418007851,0.11366182755381038,0.6453436279296876,20,5,0.13835972895517565
breast,ispy2,t1wce,noblur,lab,synthseg_noEM,0.3555280478298664,0.01872707122423138,0.36981819748878475,20,5,0.04232358019666871
breast,ispy2,t2w,asblur,fg,auglab_default,0.6360183507204056,0.08850985074311579,0.6849089434742928,20,5,0.20739442596697785
breast,ispy2,t2w,asblur,fg,identity,0.9999999910593033,2.1836015487653957e-08,0.9999999940395355,20,1,2.1554248645379107e-08
breast,ispy2,t2w,asblur,fg,kmeans,0.46179731518030165,0.05502059632456293,0.5187873038649559,20,5,0.07900891578709315
breast,ispy2,t2w,asblur,fg,kmeans_remap,0.4502516105771065,0.0486996496249425,0.49882192850112916,20,5,0.08277991042853743
breast,ispy2,t2w,asblur,fg,kmeans_remap_train050,0.7411374080181121,0.10353369891624074,0.7647423934936524,20,5,0.2761859263183587
breast,ispy2,t2w,asblur,fg,kmeans_train050,0.7234863933920861,0.147252298135856,0.7524435845017433,20,5,0.28301360103094486
breast,ispy2,t2w,asblur,fg,noise,0.3330490690469742,0.0012234876509633042,0.3327142336964607,20,5,0.001718575505532144
breast,ispy2,t2w,asblur,fg,noisefill,0.447269259095192,0.038525238796474064,0.4991110914945603,20,5,0.06076259532429678
breast,ispy2,t2w,asblur,fg,noisefill_lblvor,0.45610950887203217,0.03800458500686111,0.5128160652518272,20,5,0.06174756901575789
breast,ispy2,t2w,asblur,fg,noisefill_lblvor_train050,0.718939774632454,0.13628033911884116,0.7476819601655007,20,5,0.27537456023923756
breast,ispy2,t2w,asblur,fg,ours_train050,0.609211393892765,0.09639132096726005,0.6470316523313523,20,5,0.19929604012548544
breast,ispy2,t2w,asblur,fg,palette,0.7335562181472779,0.06442285706531957,0.7467224192619324,20,5,0.12682625624636507
breast,ispy2,t2w,asblur,fg,palette_train050,0.8453927689790726,0.06591395063994823,0.8504742193222047,20,5,0.16435289996496372
breast,ispy2,t2w,asblur,fg,srcsm,0.6594186642765999,0.08277775150062201,0.7034879925847053,20,5,0.22820865254932923
breast,ispy2,t2w,asblur,fg,synthseg_EM,0.42052647441625596,0.04814870231335362,0.47106540590524676,20,5,0.06950202671291825
breast,ispy2,t2w,asblur,fg,synthseg_noEM,0.33419487146660687,0.03581419075625208,0.34178717229515315,20,5,0.05943244477646513
breast,ispy2,t2w,asblur,lab,auglab_default,0.6219220929675632,0.09623233434443787,0.6871230516168807,18,5,0.18059640651816966
breast,ispy2,t2w,asblur,lab,identity,0.9999999900658926,2.2857337845138196e-08,0.9999999867545234,18,1,2.2528438145205653e-08
breast,ispy2,t2w,asblur,lab,kmeans,0.4836304565270742,0.06976471108539055,0.5296178658803304,18,5,0.1177259484585687
breast,ispy2,t2w,asblur,lab,kmeans_remap,0.39228242403931085,0.054929781995492095,0.41897594713502456,18,5,0.09338045272773596
breast,ispy2,t2w,asblur,lab,kmeans_remap_train050,0.7283343457513385,0.11159777204288088,0.7417725808090634,18,5,0.305279921928757
breast,ispy2,t2w,asblur,lab,kmeans_train050,0.7372256408135096,0.13506559353607855,0.7611440532737308,18,5,0.28154533015696004
breast,ispy2,t2w,asblur,lab,noise,0.33027733829286365,0.006656253465968946,0.3331278822488255,18,5,0.02144746427292468
breast,ispy2,t2w,asblur,lab,noisefill,0.41026455925570593,0.03492838767523141,0.44078366955121356,18,5,0.08841151707355557
breast,ispy2,t2w,asblur,lab,noisefill_lblvor,0.41714236239592234,0.03913740380140108,0.45129019005431065,18,5,0.11204799415999965
breast,ispy2,t2w,asblur,lab,noisefill_lblvor_train050,0.6892631861898635,0.15383031767291036,0.6985577487283283,18,5,0.31152621145298287
breast,ispy2,t2w,asblur,lab,ours_train050,0.5914098607169257,0.0939006514842181,0.6455312997102738,18,5,0.18738765725671028
breast,ispy2,t2w,asblur,lab,palette,0.695348541935285,0.08278981405316327,0.7432850397295422,18,5,0.15091917852117961
breast,ispy2,t2w,asblur,lab,palette_train050,0.8128664890925089,0.08249668267440494,0.8406506144338184,18,5,0.2055172027267692
breast,ispy2,t2w,asblur,lab,srcsm,0.6245985173516804,0.09668211640389249,0.6921638545062807,18,5,0.2106721101201028
breast,ispy2,t2w,asblur,lab,synthseg_EM,0.41720149517059324,0.06724410180313177,0.46330467032061684,18,5,0.08870259142947425
breast,ispy2,t2w,asblur,lab,synthseg_noEM,0.408562893834379,0.045485469274212424,0.4447886799772581,18,5,0.06451401653080867
breast,ispy2,t2w,noblur,fg,auglab_default,0.7183129778504371,0.10744504183220872,0.7512292003631591,20,5,0.2320772617907174
breast,ispy2,t2w,noblur,fg,identity,0.9999999910593033,2.1836015487653957e-08,0.9999999940395355,20,1,2.1554248645379107e-08
breast,ispy2,t2w,noblur,fg,kmeans,0.4512429493665695,0.053319423770002476,0.5041486603021622,20,5,0.07548358752319953
breast,ispy2,t2w,noblur,fg,kmeans_remap,0.43875309854745864,0.04203491778459793,0.4836915290355682,20,5,0.07779706106597707
breast,ispy2,t2w,noblur,fg,kmeans_remap_train050,0.7365524715185165,0.10755267799845109,0.7588544028997422,20,5,0.2808370347127553
breast,ispy2,t2w,noblur,fg,kmeans_train050,0.718974983394146,0.14897265732804002,0.7468196797370911,20,5,0.28705038627596113
breast,ispy2,t2w,noblur,fg,noise,0.3330490690469742,0.0012234876509633042,0.3327142336964607,20,5,0.001718575505532144
breast,ispy2,t2w,noblur,fg,noisefill,0.43782841771841047,0.036360452233478224,0.48670000284910203,20,5,0.058643543462698414
breast,ispy2,t2w,noblur,fg,noisefill_lblvor,0.4475646376609802,0.03828966598210976,0.5014364075660706,20,5,0.06127199638073362
breast,ispy2,t2w,noblur,fg,noisefill_lblvor_train050,0.7137462177872658,0.13930637942257626,0.7404615274071693,20,5,0.2796964666747873
breast,ispy2,t2w,noblur,fg,ours_train050,0.6816832423210144,0.10823936749426978,0.7043548604846,20,5,0.20690641795888137
breast,ispy2,t2w,noblur,fg,palette,0.7911070883274078,0.06987513722327514,0.7760491734743118,20,5,0.11327013548419328
breast,ispy2,t2w,noblur,fg,palette_train050,0.8772294318675995,0.061562177900818665,0.8668514704704284,20,5,0.1373735946163107
breast,ispy2,t2w,noblur,fg,srcsm,0.6572979381680488,0.07030785864368672,0.706251248717308,20,5,0.21919551156900308
breast,ispy2,t2w,noblur,fg,synthseg_EM,0.48378583997488017,0.05972037462558584,0.5608999079465866,20,5,0.0782775404096183
breast,ispy2,t2w,noblur,fg,synthseg_noEM,0.3339064262621104,0.030180688368040862,0.3409240322187542,20,5,0.046069961119696336
breast,ispy2,t2w,noblur,lab,auglab_default,0.6950527823633618,0.10047899686675432,0.7446297900544273,18,5,0.20770167097762168
breast,ispy2,t2w,noblur,lab,identity,0.9999999900658926,2.2857337845138196e-08,0.9999999867545234,18,1,2.2528438145205653e-08
breast,ispy2,t2w,noblur,lab,kmeans,0.4735853615734313,0.06897750263382593,0.5146718548403846,18,5,0.1167503887031438
breast,ispy2,t2w,noblur,lab,kmeans_remap,0.37959939539432525,0.05166120737830107,0.4002524067958196,18,5,0.09340677491940308
breast,ispy2,t2w,noblur,lab,kmeans_remap_train050,0.7258675283855862,0.11150107576413394,0.7353155728843477,18,5,0.30810451332352623
breast,ispy2,t2w,noblur,lab,kmeans_train050,0.7294781102074518,0.14128904798440522,0.7499289866950777,18,5,0.2886547064682504
breast,ispy2,t2w,noblur,lab,noise,0.33027733829286365,0.006656253465968946,0.3331278822488255,18,5,0.02144746427292468
breast,ispy2,t2w,noblur,lab,noisefill,0.39791846374670664,0.029801834755806743,0.4240153090821372,18,5,0.08879641417391955
breast,ispy2,t2w,noblur,lab,noisefill_lblvor,0.4084188510974248,0.04223501273643296,0.4348950548304452,18,5,0.11257328723338371
breast,ispy2,t2w,noblur,lab,noisefill_lblvor_train050,0.684922562705146,0.15548281874962544,0.6928936474853091,18,5,0.3148996841391289
breast,ispy2,t2w,noblur,lab,ours_train050,0.6271699368125863,0.10551575940352538,0.6779103901651171,18,5,0.2112683823994524
breast,ispy2,t2w,noblur,lab,palette,0.7345604068703122,0.09830573932618913,0.764552648862203,18,5,0.16223737016241202
breast,ispy2,t2w,noblur,lab,palette_train050,0.842350764096611,0.08973274001262337,0.8570014313949893,18,5,0.20444336139336416
breast,ispy2,t2w,noblur,lab,srcsm,0.624999870856603,0.10254061238271912,0.6933127843671375,18,5,0.20043008881343574
breast,ispy2,t2w,noblur,lab,synthseg_EM,0.4262644956509272,0.08340390308503165,0.48323214020993976,18,5,0.09232099788035444
breast,ispy2,t2w,noblur,lab,synthseg_noEM,0.371816654337777,0.03497257656578056,0.3892010195387734,18,5,0.0519319583146738
glioma,brats2024-glioma,t1c,asblur,fg,auglab_default,0.6778377541899682,0.09714798169471765,0.7368131324648857,20,5,0.2004514693699892
glioma,brats2024-glioma,t1c,asblur,fg,identity,0.9999999940395355,1.834592256194453e-08,0.9999999940395355,20,1,1.8109191063973316e-08
glioma,brats2024-glioma,t1c,asblur,fg,kmeans,0.47336603969335556,0.05594820811448877,0.547205938398838,20,5,0.10375784312980833
glioma,brats2024-glioma,t1c,asblur,fg,kmeans_remap,0.4567664766311646,0.04948753439400034,0.5253304344415665,20,5,0.09847785632116034
glioma,brats2024-glioma,t1c,asblur,fg,kmeans_remap_train050,0.7488940724730492,0.11543632225752433,0.7858597975969315,20,5,0.27107709608792974
glioma,brats2024-glioma,t1c,asblur,fg,kmeans_train050,0.7271743005514144,0.14347852641390743,0.7614096048474311,20,5,0.28278389858933756
glioma,brats2024-glioma,t1c,asblur,fg,noise,0.3333516275882721,0.00014581999775279146,0.3333936583995819,20,5,0.0004341427626006899
glioma,brats2024-glioma,t1c,asblur,fg,noisefill,0.4521513459086418,0.03355131760844561,0.5202911984920502,20,5,0.08046224692273402
glioma,brats2024-glioma,t1c,asblur,fg,noisefill_lblvor,0.4662054124474525,0.042691676273242656,0.5395181909203529,20,5,0.08119590273313641
glioma,brats2024-glioma,t1c,asblur,fg,noisefill_lblvor_train050,0.7207073041796683,0.12917142711858937,0.7577216419577598,20,5,0.2756843004360202
glioma,brats2024-glioma,t1c,asblur,fg,ours_train050,0.6624384206533432,0.10136704473936908,0.7122385916113854,20,5,0.19634091366385764
glioma,brats2024-glioma,t1c,asblur,fg,palette,0.8064816731214524,0.0394866392456606,0.8372825264930726,20,5,0.09392629356321631
glioma,brats2024-glioma,t1c,asblur,fg,palette_train050,0.8903851413726807,0.04060784491991235,0.9045671838521958,20,5,0.11903260824848194
glioma,brats2024-glioma,t1c,asblur,fg,srcsm,0.6580901136994362,0.08994373109875105,0.6950085204839707,20,5,0.2267960369979894
glioma,brats2024-glioma,t1c,asblur,fg,synthseg_EM,0.4052751824259758,0.03498530313768127,0.44396829307079316,20,5,0.06539874594683978
glioma,brats2024-glioma,t1c,asblur,fg,synthseg_noEM,0.33512979894876477,0.02561350681213684,0.3378933467715978,20,5,0.039618589888769463
glioma,brats2024-glioma,t1c,asblur,lab,auglab_default,0.6608678159117699,0.10298997264268303,0.7125130784511566,20,5,0.2076479817508739
glioma,brats2024-glioma,t1c,asblur,lab,identity,0.9999999940395355,1.834592256509554e-08,0.9999999940395355,20,1,1.8109191055561902e-08
glioma,brats2024-glioma,t1c,asblur,lab,kmeans,0.4535461607575416,0.05318418221958595,0.5171276092529297,20,5,0.08999125198781276
glioma,brats2024-glioma,t1c,asblur,lab,kmeans_remap,0.4149803256988525,0.038810034615800224,0.4649800458550454,20,5,0.07322584259789583
glioma,brats2024-glioma,t1c,asblur,lab,kmeans_remap_train050,0.7177839496731758,0.11097182788287366,0.7418682527542114,20,5,0.29907335542057334
glioma,brats2024-glioma,t1c,asblur,lab,kmeans_train050,0.7240115728974342,0.14562574650841958,0.7510565096139908,20,5,0.28539614429047533
glioma,brats2024-glioma,t1c,asblur,lab,noise,0.3333259183168411,0.0010634751533978915,0.33299514681100845,20,5,0.002560858431035019
glioma,brats2024-glioma,t1c,asblur,lab,noisefill,0.401643331348896,0.03243920643535314,0.4494085830450058,20,5,0.0520510719439406
glioma,brats2024-glioma,t1c,asblur,lab,noisefill_lblvor,0.42412916779518123,0.035630061435821585,0.4786396762728691,20,5,0.06406006570140924
glioma,brats2024-glioma,t1c,asblur,lab,noisefill_lblvor_train050,0.6987995484471321,0.1443058699994164,0.7274174600839615,20,5,0.2951519781698995
glioma,brats2024-glioma,t1c,asblur,lab,ours_train050,0.6347097140550614,0.10455530321930803,0.6829146134853363,20,5,0.1962671138420381
glioma,brats2024-glioma,t1c,asblur,lab,palette,0.7647301289439201,0.0599986366258348,0.7888980519771576,20,5,0.12636406129181096
glioma,brats2024-glioma,t1c,asblur,lab,palette_train050,0.8743630340695381,0.052888528479283756,0.8867448103427886,20,5,0.14387595719573518
glioma,brats2024-glioma,t1c,asblur,lab,srcsm,0.6375286376476288,0.0904305186957766,0.675668406188488,20,5,0.17543937154148662
glioma,brats2024-glioma,t1c,asblur,lab,synthseg_EM,0.4321304926276207,0.04297931629721111,0.49150038093328474,20,5,0.05559995422273707
glioma,brats2024-glioma,t1c,asblur,lab,synthseg_noEM,0.4011664402484894,0.02752227466325554,0.4459935694932938,20,5,0.036833256421452534
glioma,brats2024-glioma,t1c,noblur,fg,auglab_default,0.7511380466818809,0.11041015284772641,0.7922164323925972,20,5,0.2186073193531412
glioma,brats2024-glioma,t1c,noblur,fg,identity,0.9999999940395355,1.834592256194453e-08,0.9999999940395355,20,1,1.8109191063973316e-08
glioma,brats2024-glioma,t1c,noblur,fg,kmeans,0.4521595084667206,0.04968159832089605,0.5182116675376892,20,5,0.08959063055067322
glioma,brats2024-glioma,t1c,noblur,fg,kmeans_remap,0.44224680840969083,0.045743676480055985,0.5056888377666473,20,5,0.08844505129026646
glioma,brats2024-glioma,t1c,noblur,fg,kmeans_remap_train050,0.7399084901809692,0.11701523546519266,0.7733986267447472,20,5,0.2793127134973222
glioma,brats2024-glioma,t1c,noblur,fg,kmeans_train050,0.7176674324274063,0.1497218615211042,0.7479588583111763,20,5,0.2903428176855759
glioma,brats2024-glioma,t1c,noblur,fg,noise,0.3333516275882721,0.00014581999775279146,0.3333936583995819,20,5,0.0004341427626006899
glioma,brats2024-glioma,t1c,noblur,fg,noisefill,0.4344935098290444,0.026542585757294047,0.49556112349033354,20,5,0.06767548336711071
glioma,brats2024-glioma,t1c,noblur,fg,noisefill_lblvor,0.4499040913581848,0.03781194201369452,0.5172492727637291,20,5,0.07130630674054522
glioma,brats2024-glioma,t1c,noblur,fg,noisefill_lblvor_train050,0.7114795824885368,0.13306700688319098,0.7445822870731353,20,5,0.2832481182431173
glioma,brats2024-glioma,t1c,noblur,fg,ours_train050,0.715469841659069,0.09532603129910752,0.752175920009613,20,5,0.203547409286785
glioma,brats2024-glioma,t1c,noblur,fg,palette,0.8585607635974885,0.041075694448738084,0.8546362787485122,20,5,0.07204384617602648
glioma,brats2024-glioma,t1c,noblur,fg,palette_train050,0.9154599696397782,0.03347702139707228,0.913084660768509,20,5,0.09189915331628645
glioma,brats2024-glioma,t1c,noblur,fg,srcsm,0.6753735280036925,0.08969947556461703,0.7112395673990249,20,5,0.21770472474335734
glioma,brats2024-glioma,t1c,noblur,fg,synthseg_EM,0.4604425173997879,0.059433436215329885,0.5275430223345756,20,5,0.10246945009544477
glioma,brats2024-glioma,t1c,noblur,fg,synthseg_noEM,0.33520093485713004,0.026696095994613787,0.33885742351412773,20,5,0.04193965612220573
glioma,brats2024-glioma,t1c,noblur,lab,auglab_default,0.7356209257245064,0.11674921891024262,0.7716875323653222,20,5,0.22803582473834214
glioma,brats2024-glioma,t1c,noblur,lab,identity,0.9999999940395355,1.834592256509554e-08,0.9999999940395355,20,1,1.8109191055561902e-08
glioma,brats2024-glioma,t1c,noblur,lab,kmeans,0.435520623922348,0.04874191254705738,0.49104154974222186,20,5,0.07915326749622617
glioma,brats2024-glioma,t1c,noblur,lab,kmeans_remap,0.40481526196002965,0.03797038772151268,0.4500782230496407,20,5,0.06718207602470759
glioma,brats2024-glioma,t1c,noblur,lab,kmeans_remap_train050,0.7118437469005585,0.11225496585089333,0.7328523594141007,20,5,0.30463853893702286
glioma,brats2024-glioma,t1c,noblur,lab,kmeans_train050,0.7163706383109093,0.1510635873478519,0.7404075250029564,20,5,0.2916589272676352
glioma,brats2024-glioma,t1c,noblur,lab,noise,0.3333259183168411,0.0010634751533978915,0.33299514681100845,20,5,0.002560858431035019
glioma,brats2024-glioma,t1c,noblur,lab,noisefill,0.39184884786605834,0.03228375284351248,0.4333153510093689,20,5,0.04925273709642724
glioma,brats2024-glioma,t1c,noblur,lab,noisefill_lblvor,0.41288708001375196,0.033456492138109854,0.46137115448713306,20,5,0.058947982526367834
glioma,brats2024-glioma,t1c,noblur,lab,noisefill_lblvor_train050,0.6907431587576867,0.1488672338537181,0.715514762699604,20,5,0.30153050702183826
glioma,brats2024-glioma,t1c,noblur,lab,ours_train050,0.689474886059761,0.09330321505720775,0.7236242642998695,20,5,0.20124809266455418
glioma,brats2024-glioma,t1c,noblur,lab,palette,0.8228301301598548,0.07032676578767576,0.8178503146767616,20,5,0.11917891951066038
glioma,brats2024-glioma,t1c,noblur,lab,palette_train050,0.9023159664869308,0.050431570893158945,0.8989595431089402,20,5,0.12291185785989261
glioma,brats2024-glioma,t1c,noblur,lab,srcsm,0.620255582332611,0.07122660097960891,0.6685672348737717,20,5,0.15402573004296005
glioma,brats2024-glioma,t1c,noblur,lab,synthseg_EM,0.4831746584177017,0.06926100589037329,0.5827940103411675,20,5,0.0753438918276485
glioma,brats2024-glioma,t1c,noblur,lab,synthseg_noEM,0.4005893900990486,0.03742864040093873,0.45689765274524685,20,5,0.04728868012258913
glioma,brats2024-glioma,t1n,asblur,fg,auglab_default,0.7128931120038032,0.0915940457731534,0.782734842300415,20,5,0.1853695492507443
glioma,brats2024-glioma,t1n,asblur,fg,identity,0.9999999910593033,2.1836015482581586e-08,0.9999999880790711,20,1,2.155424863763817e-08
glioma,brats2024-glioma,t1n,asblur,fg,kmeans,0.5520112693309784,0.048369565892410975,0.6573658466339112,20,5,0.09415909730809027
glioma,brats2024-glioma,t1n,asblur,fg,kmeans_remap,0.5252248960733413,0.07520054812823554,0.6189433228969574,20,5,0.12199951814439607
glioma,brats2024-glioma,t1n,asblur,fg,kmeans_remap_train050,0.7784171840548515,0.10077460667544463,0.8224569955468178,20,5,0.24233528377106134
glioma,brats2024-glioma,t1n,asblur,fg,kmeans_train050,0.7650452628731728,0.13410552454224303,0.8115231558680535,20,5,0.2482253405744118
glioma,brats2024-glioma,t1n,asblur,fg,noise,0.3333533170819282,0.00018273071706533144,0.33335046291351317,20,5,0.00037455652644617643
glioma,brats2024-glioma,t1n,asblur,fg,noisefill,0.5281547671556472,0.03848605028866075,0.6265446618199348,20,5,0.09591207684480874
glioma,brats2024-glioma,t1n,asblur,fg,noisefill_lblvor,0.5525888705253601,0.02697172282627124,0.6588745763897895,20,5,0.07348265169267673
glioma,brats2024-glioma,t1n,asblur,fg,noisefill_lblvor_train050,0.7646494722366333,0.11581037449930574,0.8207022500038146,20,5,0.23465126941935263
glioma,brats2024-glioma,t1n,asblur,fg,ours_train050,0.6912665647268296,0.09422027556917797,0.7531961417198181,20,5,0.18034836212761865
glioma,brats2024-glioma,t1n,asblur,fg,palette,0.7944312304258346,0.037742501004893056,0.8278940957784652,20,5,0.07708862152968311
glioma,brats2024-glioma,t1n,asblur,fg,palette_train050,0.8950088095664978,0.035446456924370255,0.9080686861276627,20,5,0.1105685876538143
glioma,brats2024-glioma,t1n,asblur,fg,srcsm,0.6849068507552147,0.10663943579099679,0.7325054785609245,20,5,0.21291086844614024
glioma,brats2024-glioma,t1n,asblur,fg,synthseg_EM,0.4896168452501297,0.039115113777155236,0.5565838414430618,20,5,0.08332079309526948
glioma,brats2024-glioma,t1n,asblur,fg,synthseg_noEM,0.3350029095262289,0.025008091121272696,0.33514051683247087,20,5,0.03918516437417846
glioma,brats2024-glioma,t1n,asblur,lab,auglab_default,0.6643658864498139,0.10655898574859458,0.7196847659349441,20,5,0.2123209895250169
glioma,brats2024-glioma,t1n,asblur,lab,identity,0.9999999940395355,1.834592256509554e-08,0.9999999940395355,20,1,1.8109191055561902e-08
glioma,brats2024-glioma,t1n,asblur,lab,kmeans,0.4967859995365143,0.05376447536977722,0.5731713795661927,20,5,0.09246653884046356
glioma,brats2024-glioma,t1n,asblur,lab,kmeans_remap,0.42173932522535323,0.048871117646752005,0.4677465790510178,20,5,0.09018611892357876
glioma,brats2024-glioma,t1n,asblur,lab,kmeans_remap_train050,0.7286396378278732,0.10961751078076137,0.748227463066578,20,5,0.29258295101999443
glioma,brats2024-glioma,t1n,asblur,lab,kmeans_train050,0.7407541102170944,0.14306045791851077,0.773402561545372,20,5,0.2732887044011911
glioma,brats2024-glioma,t1n,asblur,lab,noise,0.3335162156820297,0.000765015468744346,0.33338993310928344,20,5,0.0025811785110622398
glioma,brats2024-glioma,t1n,asblur,lab,noisefill,0.4061310505867004,0.04056473637453211,0.4457195842266083,20,5,0.07170882165295349
glioma,brats2024-glioma,t1n,asblur,lab,noisefill_lblvor,0.4333789920806884,0.039961902219577836,0.483882876932621,20,5,0.08140469229424771
glioma,brats2024-glioma,t1n,asblur,lab,noisefill_lblvor_train050,0.7030400317907334,0.14812688912671626,0.7277858147025109,20,5,0.29278301772040716
glioma,brats2024-glioma,t1n,asblur,lab,ours_train050,0.642349189221859,0.10076236784180706,0.6927393326163293,20,5,0.1942396642566732
glioma,brats2024-glioma,t1n,asblur,lab,palette,0.7420754662156105,0.055232943950299776,0.7739907795190811,20,5,0.11200662580371194
glioma,brats2024-glioma,t1n,asblur,lab,palette_train050,0.8736777037382126,0.04845648818324673,0.8853700470924377,20,5,0.14138659555333186
glioma,brats2024-glioma,t1n,asblur,lab,srcsm,0.6251018744707107,0.080280359631457,0.6756068867444992,20,5,0.17761551366046446
glioma,brats2024-glioma,t1n,asblur,lab,synthseg_EM,0.4302638065814972,0.033374267149327654,0.4871216663718224,20,5,0.0450562384521422
glioma,brats2024-glioma,t1n,asblur,lab,synthseg_noEM,0.38893319278955457,0.019746925107343046,0.42280406266450876,20,5,0.028803964904984054
glioma,brats2024-glioma,t1n,noblur,fg,auglab_default,0.7634846168756485,0.1004920759853268,0.8121566617488861,20,5,0.206017667172439
glioma,brats2024-glioma,t1n,noblur,fg,identity,0.9999999910593033,2.1836015482581586e-08,0.9999999880790711,20,1,2.155424863763817e-08
glioma,brats2024-glioma,t1n,noblur,fg,kmeans,0.5292382875084878,0.048875676068242994,0.6280318969488144,20,5,0.08871183940625132
glioma,brats2024-glioma,t1n,noblur,fg,kmeans_remap,0.4987482494115829,0.06684822931552514,0.5868253350257874,20,5,0.10835398280894841
glioma,brats2024-glioma,t1n,noblur,fg,kmeans_remap_train050,0.7678606167435647,0.10280133556645206,0.810295840203762,20,5,0.25142333825208635
glioma,brats2024-glioma,t1n,noblur,fg,kmeans_train050,0.7517092442512512,0.13950911559502915,0.795008407831192,20,5,0.25893989489672653
glioma,brats2024-glioma,t1n,noblur,fg,noise,0.3333533170819282,0.00018273071706533144,0.33335046291351317,20,5,0.00037455652644617643
glioma,brats2024-glioma,t1n,noblur,fg,noisefill,0.4981556987762451,0.03211501241160178,0.5874412852525711,20,5,0.08392439966448466
glioma,brats2024-glioma,t1n,noblur,fg,noisefill_lblvor,0.5217489817738533,0.033950813908750835,0.6191193395853043,20,5,0.06792716407263495
glioma,brats2024-glioma,t1n,noblur,fg,noisefill_lblvor_train050,0.7467965322732926,0.12361417722485833,0.7975076642632485,20,5,0.249289524276881
glioma,brats2024-glioma,t1n,noblur,fg,ours_train050,0.7317644292116164,0.08627488281688482,0.7833684861660004,20,5,0.17808694569209532
glioma,brats2024-glioma,t1n,noblur,fg,palette,0.8258016830682754,0.03900905553328764,0.8304889339208603,20,5,0.07324084843557752
glioma,brats2024-glioma,t1n,noblur,fg,palette_train050,0.9075682437419891,0.02858992085876483,0.9081425189971923,20,5,0.09654156459686385
glioma,brats2024-glioma,t1n,noblur,fg,srcsm,0.6737797233462334,0.11128184274589056,0.723365518450737,20,5,0.20580118942222908
glioma,brats2024-glioma,t1n,noblur,fg,synthseg_EM,0.6027028825879097,0.054456399406123956,0.7077765369415283,20,5,0.09477051911315636
glioma,brats2024-glioma,t1n,noblur,fg,synthseg_noEM,0.33453346744179724,0.026150708348219177,0.3349982290714979,20,5,0.041617478154329944
glioma,brats2024-glioma,t1n,noblur,lab,auglab_default,0.722001636326313,0.11970355226970028,0.7601502713561058,20,5,0.23835776849647217
glioma,brats2024-glioma,t1n,noblur,lab,identity,0.9999999940395355,1.834592256509554e-08,0.9999999940395355,20,1,1.8109191055561902e-08
glioma,brats2024-glioma,t1n,noblur,lab,kmeans,0.4778514719009399,0.05243163575894475,0.5465610063076018,20,5,0.08463979047610862
glioma,brats2024-glioma,t1n,noblur,lab,kmeans_remap,0.4081970444321632,0.043370283836902376,0.4484195879101753,20,5,0.08230130071136262
glioma,brats2024-glioma,t1n,noblur,lab,kmeans_remap_train050,0.7206420201063156,0.11155633634782437,0.738012575507164,20,5,0.2991090273244027
glioma,brats2024-glioma,t1n,noblur,lab,kmeans_train050,0.7289826136827469,0.14929182202551716,0.7578102618455886,20,5,0.2819330970801968
glioma,brats2024-glioma,t1n,noblur,lab,noise,0.3335162156820297,0.000765015468744346,0.33338993310928344,20,5,0.0025811785110622398
glioma,brats2024-glioma,t1n,noblur,lab,noisefill,0.39318229526281356,0.03470327415228852,0.42580112576484674,20,5,0.06394132148787739
glioma,brats2024-glioma,t1n,noblur,lab,noisefill_lblvor,0.4166313707828522,0.036110248428531916,0.46033162355422974,20,5,0.0722010292154236
glioma,brats2024-glioma,t1n,noblur,lab,noisefill_lblvor_train050,0.6944164222478866,0.15086577909987864,0.7155621275305748,20,5,0.2992226861958701
glioma,brats2024-glioma,t1n,noblur,lab,ours_train050,0.6928588259220123,0.08536385598922809,0.7337578824162483,20,5,0.1936626923555158
glioma,brats2024-glioma,t1n,noblur,lab,palette,0.7834677156805993,0.06366126467260358,0.7867190551757812,20,5,0.12738110782849205
glioma,brats2024-glioma,t1n,noblur,lab,palette_train050,0.8897817027568816,0.043086199763814795,0.8909929555654525,20,5,0.12734580758517053
glioma,brats2024-glioma,t1n,noblur,lab,srcsm,0.6212944597005844,0.0841570504821633,0.6666720652580261,20,5,0.16215006893363257
glioma,brats2024-glioma,t1n,noblur,lab,synthseg_EM,0.4649717247486114,0.05953177087539139,0.547738040983677,20,5,0.0679481379414492
glioma,brats2024-glioma,t1n,noblur,lab,synthseg_noEM,0.3768408295512199,0.024645055662125877,0.4096983167529106,20,5,0.033374015729118994
glioma,brats2024-glioma,t2f,asblur,fg,auglab_default,0.6732878449559212,0.09916210083993177,0.7290898242592811,20,5,0.20463204709442773
glioma,brats2024-glioma,t2f,asblur,fg,identity,0.9999999910593033,2.1836015507293262e-08,0.9999999850988388,20,1,2.1554248679490418e-08
glioma,brats2024-glioma,t2f,asblur,fg,kmeans,0.505003779232502,0.05493666463267631,0.578990268111229,20,5,0.09695604254260048
glioma,brats2024-glioma,t2f,asblur,fg,kmeans_remap,0.4861480325460434,0.06806555994489773,0.5483743265271187,20,5,0.11244378116495854
glioma,brats2024-glioma,t2f,asblur,fg,kmeans_remap_train050,0.7604899072647096,0.10162459218518144,0.7891353690624238,20,5,0.25979044017098274
glioma,brats2024-glioma,t2f,asblur,fg,kmeans_train050,0.7403228971362114,0.14438970444052468,0.7722913679480553,20,5,0.270462639854862
glioma,brats2024-glioma,t2f,asblur,fg,noise,0.3333320909738541,0.00018417547621293182,0.33338356196880337,20,5,0.00039569516789806643
glioma,brats2024-glioma,t2f,asblur,fg,noisefill,0.4775322818756103,0.034235356805128854,0.5430345627665519,20,5,0.08034347890522577
glioma,brats2024-glioma,t2f,asblur,fg,noisefill_lblvor,0.4934334263205528,0.04730460245397654,0.5632295620441437,20,5,0.07680791399836455
glioma,brats2024-glioma,t2f,asblur,fg,noisefill_lblvor_train050,0.7379774624109269,0.12451018686983334,0.7758498507738113,20,5,0.2590185377278556
glioma,brats2024-glioma,t2f,asblur,fg,ours_train050,0.6626697543263436,0.10103974428879575,0.7081539061665535,20,5,0.2038529114287322
glioma,brats2024-glioma,t2f,asblur,fg,palette,0.7762795960903167,0.03709591766947675,0.7996688932180405,20,5,0.08548494899260725
glioma,brats2024-glioma,t2f,asblur,fg,palette_train050,0.8757109755277634,0.0471057261053296,0.8845286059379578,20,5,0.1275534232398402
glioma,brats2024-glioma,t2f,asblur,fg,srcsm,0.6887486776709556,0.11752484188241029,0.7289011016488075,20,5,0.21247822065954935
glioma,brats2024-glioma,t2f,asblur,fg,synthseg_EM,0.4379143396019936,0.025347514962326137,0.49050197899341585,20,5,0.06350456034661696
glioma,brats2024-glioma,t2f,asblur,fg,synthseg_noEM,0.3418507787585258,0.028670869971982958,0.3546716859936714,20,5,0.04322514723875858
glioma,brats2024-glioma,t2f,asblur,lab,auglab_default,0.6869277453422546,0.10552820540031417,0.7414976450800895,20,5,0.18786192671384497
glioma,brats2024-glioma,t2f,asblur,lab,identity,0.9999999940395355,1.834592256509554e-08,0.9999999940395355,20,1,1.8109191055561902e-08
glioma,brats2024-glioma,t2f,asblur,lab,kmeans,0.45170734226703646,0.05513180804483296,0.5168741780519486,20,5,0.09617280881293022
glioma,brats2024-glioma,t2f,asblur,lab,kmeans_remap,0.41822377741336825,0.04817586385575245,0.466920028924942,20,5,0.08879804411047154
glioma,brats2024-glioma,t2f,asblur,lab,kmeans_remap_train050,0.7207836720347405,0.11438104378204449,0.7404239836335182,20,5,0.29734487933430465
glioma,brats2024-glioma,t2f,asblur,lab,kmeans_train050,0.7237667620182038,0.1443978310238018,0.7502491012215614,20,5,0.2884068340884158
glioma,brats2024-glioma,t2f,asblur,lab,noise,0.3334279006719589,0.001036427085128764,0.333535089790821,20,5,0.0024210359840863894
glioma,brats2024-glioma,t2f,asblur,lab,noisefill,0.4026750633120536,0.042913459725539914,0.44530295670032494,20,5,0.06904482354893424
glioma,brats2024-glioma,t2f,asblur,lab,noisefill_lblvor,0.4188885831832886,0.03226947859717558,0.46550357788801194,20,5,0.0702728487551822
glioma,brats2024-glioma,t2f,asblur,lab,noisefill_lblvor_train050,0.6928445464372635,0.15754201877526638,0.7160210999846458,20,5,0.30187906403278314
glioma,brats2024-glioma,t2f,asblur,lab,ours_train050,0.6619433853030204,0.09667359380747967,0.7076659342646598,20,5,0.1914633039625498
glioma,brats2024-glioma,t2f,asblur,lab,palette,0.7470186904072762,0.0600088443008562,0.7787812545895576,20,5,0.1335516159222554
glioma,brats2024-glioma,t2f,asblur,lab,palette_train050,0.8679757580161095,0.07386978828246676,0.8820928746461869,20,5,0.15207812121602896
glioma,brats2024-glioma,t2f,asblur,lab,srcsm,0.6312496984004975,0.07159448555458787,0.6867698469758035,20,5,0.16738693886808698
glioma,brats2024-glioma,t2f,asblur,lab,synthseg_EM,0.47135095506906505,0.04440441489901614,0.5440144115686417,20,5,0.06916401312821198
glioma,brats2024-glioma,t2f,asblur,lab,synthseg_noEM,0.4073662027716637,0.03162681672165279,0.450100289285183,20,5,0.04314660135696386
glioma,brats2024-glioma,t2f,noblur,fg,auglab_default,0.7498787018656731,0.1052063148683627,0.7906234174966812,20,5,0.22025254564073468
glioma,brats2024-glioma,t2f,noblur,fg,identity,0.9999999910593033,2.1836015507293262e-08,0.9999999850988388,20,1,2.1554248679490418e-08
glioma,brats2024-glioma,t2f,noblur,fg,kmeans,0.48951246410608296,0.05331444473847595,0.5584800308942794,20,5,0.09375811542139384
glioma,brats2024-glioma,t2f,noblur,fg,kmeans_remap,0.47096434444189067,0.06434356907415846,0.5292844551801681,20,5,0.10650898129621844
glioma,brats2024-glioma,t2f,noblur,fg,kmeans_remap_train050,0.751326234638691,0.1031652462738108,0.7770457524061203,20,5,0.268616036284224
glioma,brats2024-glioma,t2f,noblur,fg,kmeans_train050,0.7321681961417198,0.1483584372871777,0.7623160532116889,20,5,0.2768706189060799
glioma,brats2024-glioma,t2f,noblur,fg,noise,0.3333320909738541,0.00018417547621293182,0.33338356196880337,20,5,0.00039569516789806643
glioma,brats2024-glioma,t2f,noblur,fg,noisefill,0.4628348645567894,0.030203430679025017,0.523386804163456,20,5,0.07528144586640852
glioma,brats2024-glioma,t2f,noblur,fg,noisefill_lblvor,0.4769069334864616,0.04652471834478167,0.5415123993158341,20,5,0.0731730815181002
glioma,brats2024-glioma,t2f,noblur,fg,noisefill_lblvor_train050,0.7307718336582184,0.12756267596281298,0.7666755107045173,20,5,0.2650269350016163
glioma,brats2024-glioma,t2f,noblur,fg,ours_train050,0.7080084139108658,0.09871977427371015,0.74441942602396,20,5,0.20665283742392235
glioma,brats2024-glioma,t2f,noblur,fg,palette,0.8206809449195862,0.04843579329071457,0.8167637711763381,20,5,0.08538740521246983
glioma,brats2024-glioma,t2f,noblur,fg,palette_train050,0.895760731101036,0.03811732080383317,0.8915145146846772,20,5,0.11116032143580529
glioma,brats2024-glioma,t2f,noblur,fg,srcsm,0.6473432749509811,0.07609060249240819,0.6888295722007751,20,5,0.21490969452227382
glioma,brats2024-glioma,t2f,noblur,fg,synthseg_EM,0.516922941505909,0.051983023566131756,0.5987390980124474,20,5,0.09033183876207306
glioma,brats2024-glioma,t2f,noblur,fg,synthseg_noEM,0.34235949873924254,0.027434242244091453,0.35702056154608725,20,5,0.04243063665534622
glioma,brats2024-glioma,t2f,noblur,lab,auglab_default,0.7555622050166131,0.11068227183619386,0.7966720917820931,20,5,0.20595632821538115
glioma,brats2024-glioma,t2f,noblur,lab,identity,0.9999999940395355,1.834592256509554e-08,0.9999999940395355,20,1,1.8109191055561902e-08
glioma,brats2024-glioma,t2f,noblur,lab,kmeans,0.4312478253245354,0.04771825130077719,0.4880578964948654,20,5,0.08243789708920153
glioma,brats2024-glioma,t2f,noblur,lab,kmeans_remap,0.3999134215712547,0.041692292057165264,0.44132228553295133,20,5,0.07199208870148847
glioma,brats2024-glioma,t2f,noblur,lab,kmeans_remap_train050,0.7101978367567062,0.11647365051711792,0.7251364848017692,20,5,0.3066237435662874
glioma,brats2024-glioma,t2f,noblur,lab,kmeans_train050,0.7137869113683701,0.14843552933082305,0.7375826233625412,20,5,0.2954218177130064
glioma,brats2024-glioma,t2f,noblur,lab,noise,0.3334279006719589,0.001036427085128764,0.333535089790821,20,5,0.0024210359840863894
glioma,brats2024-glioma,t2f,noblur,lab,noisefill,0.3901402369141579,0.0401839529051355,0.4266183450818062,20,5,0.061144700790629655
glioma,brats2024-glioma,t2f,noblur,lab,noisefill_lblvor,0.4015995523333549,0.029442461080404107,0.440858941078186,20,5,0.05811892259768941
glioma,brats2024-glioma,t2f,noblur,lab,noisefill_lblvor_train050,0.6867334452271462,0.16008135529687562,0.7073473858833312,20,5,0.30624986523274783
glioma,brats2024-glioma,t2f,noblur,lab,ours_train050,0.6924836137890816,0.09360947231162989,0.7288041242957115,20,5,0.19440250015699787
glioma,brats2024-glioma,t2f,noblur,lab,palette,0.7758100815117359,0.06942065652447486,0.7874601453542709,20,5,0.15794970315723905
glioma,brats2024-glioma,t2f,noblur,lab,palette_train050,0.8812396025657654,0.07460304794306602,0.8833968004584312,20,5,0.1551933762226395
glioma,brats2024-glioma,t2f,noblur,lab,srcsm,0.6456282317638398,0.07665232263677321,0.6893729370832443,20,5,0.17148114059370315
glioma,brats2024-glioma,t2f,noblur,lab,synthseg_EM,0.5285895928740502,0.060815907846882254,0.6436192148923874,20,5,0.08227595132664094
glioma,brats2024-glioma,t2f,noblur,lab,synthseg_noEM,0.38873813599348067,0.029075261957890428,0.429026229083538,20,5,0.0421207215248858
glioma,brats2024-glioma,t2w,asblur,fg,auglab_default,0.7204868078231812,0.09038466235997145,0.7701424965262413,20,5,0.1807085129279968
glioma,brats2024-glioma,t2w,asblur,fg,identity,0.9999999940395355,1.83459225779225e-08,0.9999999940395355,20,1,1.810919109185812e-08
glioma,brats2024-glioma,t2w,asblur,fg,kmeans,0.5101263469457626,0.049385135570746606,0.6095408555865288,20,5,0.09684649655646942
glioma,brats2024-glioma,t2w,asblur,fg,kmeans_remap,0.49783524572849275,0.058950100391832606,0.5864777410030365,20,5,0.1074630208720189
glioma,brats2024-glioma,t2w,asblur,fg,kmeans_remap_train050,0.7620254662632943,0.10413524489958839,0.8019097429513931,20,5,0.2576112717821749
glioma,brats2024-glioma,t2w,asblur,fg,kmeans_train050,0.7462674409151078,0.13918867431325546,0.79240428596735,20,5,0.2641325016620502
glioma,brats2024-glioma,t2w,asblur,fg,noise,0.3332872128486633,0.00020136679465661695,0.33332072287797926,20,5,0.00040386596975097884
glioma,brats2024-glioma,t2w,asblur,fg,noisefill,0.4917610010504722,0.03392756246656451,0.5864462161064148,20,5,0.08207556030792691
glioma,brats2024-glioma,t2w,asblur,fg,noisefill_lblvor,0.5136018002033234,0.03873726046263819,0.6114838063716889,20,5,0.07886862846894324
glioma,brats2024-glioma,t2w,asblur,fg,noisefill_lblvor_train050,0.7424266624450684,0.12260391403417639,0.7929957208037377,20,5,0.25392096135729814
glioma,brats2024-glioma,t2w,asblur,fg,ours_train050,0.6956515565514565,0.09660182636831774,0.7317832830548286,20,5,0.18114848199223482
glioma,brats2024-glioma,t2w,asblur,fg,palette,0.8047642052173615,0.03750851067290701,0.8046853184700012,20,5,0.07559415951620338
glioma,brats2024-glioma,t2w,asblur,fg,palette_train050,0.8901033687591553,0.0431401355504821,0.890774616599083,20,5,0.11635218069479819
glioma,brats2024-glioma,t2w,asblur,fg,srcsm,0.6468932992219925,0.08663670104244377,0.6926180049777031,20,5,0.19548687939269846
glioma,brats2024-glioma,t2w,asblur,fg,synthseg_EM,0.4891317924857139,0.02981820003295006,0.5607619696855546,20,5,0.07242835769547248
glioma,brats2024-glioma,t2w,asblur,fg,synthseg_noEM,0.33735133670270445,0.027479697535374478,0.34179792903363704,20,5,0.041241669949787785
glioma,brats2024-glioma,t2w,asblur,lab,auglab_default,0.7040627169609069,0.10241252474529622,0.7530052009224891,20,5,0.19106037484179467
glioma,brats2024-glioma,t2w,asblur,lab,identity,0.9999999940395355,1.834592256509554e-08,0.9999999940395355,20,1,1.8109191055561902e-08
glioma,brats2024-glioma,t2w,asblur,lab,kmeans,0.5060049703717231,0.06267803216915206,0.5806501868367195,20,5,0.10206529242750194
glioma,brats2024-glioma,t2w,asblur,lab,kmeans_remap,0.43443092137575146,0.04723631589332251,0.4846237328648567,20,5,0.09379247516550358
glioma,brats2024-glioma,t2w,asblur,lab,kmeans_remap_train050,0.7190225297212601,0.1090079751350442,0.7386360016465188,20,5,0.2993229429290188
glioma,brats2024-glioma,t2w,asblur,lab,kmeans_train050,0.7453187543153763,0.14232118053321324,0.779442645907402,20,5,0.26722199207848235
glioma,brats2024-glioma,t2w,asblur,lab,noise,0.3331352922320366,0.001075295542813234,0.33316166579723355,20,5,0.0027004032134729894
glioma,brats2024-glioma,t2w,asblur,lab,noisefill,0.41351736903190617,0.03433435084348427,0.4568382099270821,20,5,0.07404503418453709
glioma,brats2024-glioma,t2w,asblur,lab,noisefill_lblvor,0.4481694459915161,0.047873268990054466,0.49652428209781646,20,5,0.09694338805757198
glioma,brats2024-glioma,t2w,asblur,lab,noisefill_lblvor_train050,0.7018741607666016,0.15319485475559064,0.7269068378210067,20,5,0.29366321760182446
glioma,brats2024-glioma,t2w,asblur,lab,ours_train050,0.6672635942697525,0.10183777557133306,0.7121093985438347,20,5,0.1853662452610944
glioma,brats2024-glioma,t2w,asblur,lab,palette,0.756816571354866,0.06512523041969183,0.7728165572881698,20,5,0.12259670131981858
glioma,brats2024-glioma,t2w,asblur,lab,palette_train050,0.8641183191537858,0.06375521108273732,0.8776680535078049,20,5,0.14258962744727982
glioma,brats2024-glioma,t2w,asblur,lab,srcsm,0.6920531913638115,0.07250631939857867,0.7276205363869667,20,5,0.17442600267306776
glioma,brats2024-glioma,t2w,asblur,lab,synthseg_EM,0.46037340462207793,0.034744094722365414,0.5303209146857262,20,5,0.053814125034217
glioma,brats2024-glioma,t2w,asblur,lab,synthseg_noEM,0.407572274506092,0.028065211808560683,0.4503888890147209,20,5,0.03958534202180911
glioma,brats2024-glioma,t2w,noblur,fg,auglab_default,0.7618260940909385,0.10006665681027677,0.7958144381642341,20,5,0.21135859608317195
glioma,brats2024-glioma,t2w,noblur,fg,identity,0.9999999940395355,1.83459225779225e-08,0.9999999940395355,20,1,1.810919109185812e-08
glioma,brats2024-glioma,t2w,noblur,fg,kmeans,0.4845673289895058,0.044756046974630044,0.5791010683774948,20,5,0.08161194564341381
glioma,brats2024-glioma,t2w,noblur,fg,kmeans_remap,0.47171822607517244,0.050636263007302285,0.5541075414419174,20,5,0.09406976225764521
glioma,brats2024-glioma,t2w,noblur,fg,kmeans_remap_train050,0.7528508499264717,0.10760334801532401,0.7916792950034142,20,5,0.2653920111418933
glioma,brats2024-glioma,t2w,noblur,fg,kmeans_train050,0.7334935083985329,0.13968651691948888,0.7747529605031014,20,5,0.27428709722388683
glioma,brats2024-glioma,t2w,noblur,fg,noise,0.3332872128486633,0.00020136679465661695,0.33332072287797926,20,5,0.00040386596975097884
glioma,brats2024-glioma,t2w,noblur,fg,noisefill,0.4646558564901352,0.02723341166708118,0.5511423370242119,20,5,0.06869452409919262
glioma,brats2024-glioma,t2w,noblur,fg,noisefill_lblvor,0.48533433526754377,0.03502172603255814,0.5785909244418145,20,5,0.06538061814141626
glioma,brats2024-glioma,t2w,noblur,fg,noisefill_lblvor_train050,0.7279973194003105,0.12802546691701727,0.7748804378509522,20,5,0.2661301209140545
glioma,brats2024-glioma,t2w,noblur,fg,ours_train050,0.7335667929053307,0.09040283609208886,0.7545651173591613,20,5,0.1902131408098728
glioma,brats2024-glioma,t2w,noblur,fg,palette,0.8405232346057891,0.03555581694946395,0.8136904513835906,20,5,0.06869532932821044
glioma,brats2024-glioma,t2w,noblur,fg,palette_train050,0.9160977566242219,0.02875170621887857,0.896900807619095,20,5,0.09061818582386287
glioma,brats2024-glioma,t2w,noblur,fg,srcsm,0.6559184390306473,0.0672970642411351,0.7016404789686204,20,5,0.20755181118252738
glioma,brats2024-glioma,t2w,noblur,fg,synthseg_EM,0.5802439299225808,0.04566766510277185,0.6999726405739783,20,5,0.08177780693142737
glioma,brats2024-glioma,t2w,noblur,fg,synthseg_noEM,0.3368941695988178,0.026371013899597975,0.34169779155403374,20,5,0.04166614109673659
glioma,brats2024-glioma,t2w,noblur,lab,auglab_default,0.7450478500127793,0.11061693052283866,0.7788886889815331,20,5,0.22181230245738415
glioma,brats2024-glioma,t2w,noblur,lab,identity,0.9999999940395355,1.834592256509554e-08,0.9999999940395355,20,1,1.8109191055561902e-08
glioma,brats2024-glioma,t2w,noblur,lab,kmeans,0.47763285517692566,0.05797706967373447,0.5457323473691941,20,5,0.08807795999656345
glioma,brats2024-glioma,t2w,noblur,lab,kmeans_remap,0.41213059455156326,0.04055868047158411,0.4534582194685936,20,5,0.07891954247232405
glioma,brats2024-glioma,t2w,noblur,lab,kmeans_remap_train050,0.7133513736724854,0.11119614878249325,0.7307489117980003,20,5,0.3039997592411805
glioma,brats2024-glioma,t2w,noblur,lab,kmeans_train050,0.7315822896361351,0.14493768417953506,0.7613075330853463,20,5,0.277754867763457
glioma,brats2024-glioma,t2w,noblur,lab,noise,0.3331352922320366,0.001075295542813234,0.33316166579723355,20,5,0.0027004032134729894
glioma,brats2024-glioma,t2w,noblur,lab,noisefill,0.395718395113945,0.028005059653562484,0.4316711583733559,20,5,0.058766134029351755
glioma,brats2024-glioma,t2w,noblur,lab,noisefill_lblvor,0.42483511775732036,0.04302507899059061,0.4663405361771583,20,5,0.08150811768060505
glioma,brats2024-glioma,t2w,noblur,lab,noisefill_lblvor_train050,0.6940360075235367,0.15493643498699178,0.7156541758775712,20,5,0.3003438383924523
glioma,brats2024-glioma,t2w,noblur,lab,ours_train050,0.6925083643198013,0.08961495738702843,0.7304835796356202,20,5,0.19199714677157795
glioma,brats2024-glioma,t2w,noblur,lab,palette,0.7867400234937667,0.07076458279126495,0.7838466870784759,20,5,0.1352758942767282
glioma,brats2024-glioma,t2w,noblur,lab,palette_train050,0.8835897046327592,0.06586974211126044,0.8859048265218735,20,5,0.1365971603874012
glioma,brats2024-glioma,t2w,noblur,lab,srcsm,0.6738926497101784,0.05489163564653577,0.7003282013535499,20,5,0.16815689753717492
glioma,brats2024-glioma,t2w,noblur,lab,synthseg_EM,0.49509207844734193,0.05193909160215964,0.5945737996697427,20,5,0.06706973585654803
glioma,brats2024-glioma,t2w,noblur,lab,synthseg_noEM,0.38313215047121046,0.02823763469876782,0.41839839011430746,20,5,0.03827846507938887
mandible,toothfairy2,cbct,asblur,fg,auglab_default,0.6488472014665604,0.1000501283152354,0.7074340885877609,20,5,0.22197775810828274
mandible,toothfairy2,cbct,asblur,fg,identity,0.9999999880790711,2.4461230082028984e-08,0.9999999940395355,20,1,2.414558808397969e-08
mandible,toothfairy2,cbct,asblur,fg,kmeans,0.3913221335411071,0.017802816007245904,0.4465260136127472,20,5,0.03292801680786336
mandible,toothfairy2,cbct,asblur,fg,kmeans_remap,0.38343547046184534,0.017261060051135122,0.4278625473380089,20,5,0.03723541849316424
mandible,toothfairy2,cbct,asblur,fg,kmeans_remap_train050,0.704446738064289,0.1227023435889498,0.7251102629303932,20,5,0.3105531914501117
mandible,toothfairy2,cbct,asblur,fg,kmeans_train050,0.6928852409124374,0.16466563317001648,0.7168387705087662,20,5,0.30979397575161843
mandible,toothfairy2,cbct,asblur,fg,noise,0.3336962938308715,0.0001682150492890264,0.3338126763701439,20,5,0.0002961668017349992
mandible,toothfairy2,cbct,asblur,fg,noisefill,0.38050276756286616,0.01438290841157058,0.4249571907520294,20,5,0.029871080230141244
mandible,toothfairy2,cbct,asblur,fg,noisefill_lblvor,0.38083898782730097,0.012358262825273206,0.42460220813751215,20,5,0.02698582250028226
mandible,toothfairy2,cbct,asblur,fg,noisefill_lblvor_train050,0.6777171638607979,0.159015598402486,0.7006345090270043,20,5,0.31185945863121217
mandible,toothfairy2,cbct,asblur,fg,ours_train050,0.6566405719518661,0.11323190744521727,0.7069381353259087,20,5,0.2122667864624864
mandible,toothfairy2,cbct,asblur,fg,palette,0.8215281170606612,0.053139779873023756,0.8286099123954773,20,5,0.12480402766287552
mandible,toothfairy2,cbct,asblur,fg,palette_train050,0.9114856958389282,0.050266410032872015,0.9137707602977752,20,5,0.11544399783458337
mandible,toothfairy2,cbct,asblur,fg,srcsm,0.6483328658342361,0.10348939936602106,0.696503021121025,20,5,0.19766785844946205
mandible,toothfairy2,cbct,asblur,fg,synthseg_EM,0.42579222202301026,0.021252535797128883,0.4966781508922577,20,5,0.03955318913261842
mandible,toothfairy2,cbct,asblur,fg,synthseg_noEM,0.3657875932008028,0.029960732575931678,0.4046309335529804,20,5,0.04646973006449723
mandible,toothfairy2,cbct,asblur,lab,auglab_default,0.7072860166430474,0.08086957030898718,0.7797339648008347,20,5,0.17180568455307793
mandible,toothfairy2,cbct,asblur,lab,identity,0.9999999880790711,2.4461230099518586e-08,0.9999999910593033,20,1,2.4145588094516556e-08
mandible,toothfairy2,cbct,asblur,lab,kmeans,0.5027423828840256,0.0490964573721551,0.6119761922955513,20,5,0.08469953900208951
mandible,toothfairy2,cbct,asblur,lab,kmeans_remap,0.4233174657821655,0.02927155363783548,0.4746090829372406,20,5,0.07801816691099589
mandible,toothfairy2,cbct,asblur,lab,kmeans_remap_train050,0.7242485001683235,0.11936198906745364,0.7479132649302482,20,5,0.29465146847983026
mandible,toothfairy2,cbct,asblur,lab,kmeans_train050,0.7380063474178314,0.1434586046153387,0.7797242507338524,20,5,0.27151132403425077
mandible,toothfairy2,cbct,asblur,lab,noise,0.33326455056667326,0.00037210622709313285,0.3332736977934837,20,5,0.0008584057638486327
mandible,toothfairy2,cbct,asblur,lab,noisefill,0.4333889228105545,0.03281290537571258,0.48947334796190256,20,5,0.0768824648434474
mandible,toothfairy2,cbct,asblur,lab,noisefill_lblvor,0.4290641596913337,0.03227193582409372,0.4822861847281456,20,5,0.07636884814272168
mandible,toothfairy2,cbct,asblur,lab,noisefill_lblvor_train050,0.7013936543464661,0.14779842272299906,0.7290348470211029,20,5,0.2938355355457793
mandible,toothfairy2,cbct,asblur,lab,ours_train050,0.6808316493034363,0.08691833534383382,0.7421059715747833,20,5,0.16713247132341486
mandible,toothfairy2,cbct,asblur,lab,palette,0.7506622728705407,0.05356891726109216,0.790405204296112,20,5,0.08988743664127712
mandible,toothfairy2,cbct,asblur,lab,palette_train050,0.8660686683654785,0.055410231044251024,0.884941354393959,20,5,0.13678211734578155
mandible,toothfairy2,cbct,asblur,lab,srcsm,0.6692216598987579,0.05156793252026885,0.7567312726378441,20,5,0.13918470061574426
mandible,toothfairy2,cbct,asblur,lab,synthseg_EM,0.5191955026984215,0.03265192065391124,0.6220964372158051,20,5,0.05716207783618639
mandible,toothfairy2,cbct,asblur,lab,synthseg_noEM,0.4240044116973877,0.017419764124581648,0.46647033601999277,20,5,0.03960049007360208
mandible,toothfairy2,cbct,noblur,fg,auglab_default,0.7296858605742454,0.11355445778825142,0.7678699365258217,20,5,0.2498540804059659
mandible,toothfairy2,cbct,noblur,fg,identity,0.9999999880790711,2.4461230082028984e-08,0.9999999940395355,20,1,2.414558808397969e-08
mandible,toothfairy2,cbct,noblur,fg,kmeans,0.3818106126785278,0.015265593664729913,0.4274504554271698,20,5,0.02868664906897366
mandible,toothfairy2,cbct,noblur,fg,kmeans_remap,0.37676594346761705,0.015511231681521194,0.4147476306557655,20,5,0.03277702678355472
mandible,toothfairy2,cbct,noblur,fg,kmeans_remap_train050,0.701874840259552,0.12183049391527671,0.7199851995706558,20,5,0.312939394532102
mandible,toothfairy2,cbct,noblur,fg,kmeans_train050,0.6888384410738946,0.16708534870227912,0.7087449604272843,20,5,0.3136122888701703
mandible,toothfairy2,cbct,noblur,fg,noise,0.3336962938308715,0.0001682150492890264,0.3338126763701439,20,5,0.0002961668017349992
mandible,toothfairy2,cbct,noblur,fg,noisefill,0.3734148401021957,0.012886452018736201,0.4103913044929504,20,5,0.02595624896377738
mandible,toothfairy2,cbct,noblur,fg,noisefill_lblvor,0.37438812136650085,0.011252797731077773,0.41148548960685727,20,5,0.023984377726111086
mandible,toothfairy2,cbct,noblur,fg,noisefill_lblvor_train050,0.6743435382843017,0.1602023055043088,0.6936899131536484,20,5,0.3149676505543057
mandible,toothfairy2,cbct,noblur,fg,ours_train050,0.7176271918416023,0.11427888450801438,0.7462830683588982,20,5,0.2270328131460501
mandible,toothfairy2,cbct,noblur,fg,palette,0.9041283422708511,0.03931860655466465,0.8735308930277824,20,5,0.08757345167236764
mandible,toothfairy2,cbct,noblur,fg,palette_train050,0.9527077615261078,0.024926870815632527,0.935431203842163,20,5,0.06263957257052155
mandible,toothfairy2,cbct,noblur,fg,srcsm,0.5998353466391564,0.07366369393966163,0.6592040932178498,20,5,0.19012649434171255
mandible,toothfairy2,cbct,noblur,fg,synthseg_EM,0.4653901317715645,0.030880563820490113,0.5560357362031937,20,5,0.05395076614055648
mandible,toothfairy2,cbct,noblur,fg,synthseg_noEM,0.36027591057121755,0.02902292509915549,0.39619989186525345,20,5,0.044356097409690126
mandible,toothfairy2,cbct,noblur,lab,auglab_default,0.7701029419898987,0.0928939615859775,0.822683530151844,20,5,0.19160236993221416
mandible,toothfairy2,cbct,noblur,lab,identity,0.9999999880790711,2.4461230099518586e-08,0.9999999910593033,20,1,2.4145588094516556e-08
mandible,toothfairy2,cbct,noblur,lab,kmeans,0.46902396500110627,0.04670421911759041,0.5654568746685982,20,5,0.07345282362474133
mandible,toothfairy2,cbct,noblur,lab,kmeans_remap,0.4076404559612274,0.028721959921535097,0.45366295069456103,20,5,0.06944086216100688
mandible,toothfairy2,cbct,noblur,lab,kmeans_remap_train050,0.7171305584907531,0.11652936035859296,0.7398522871732711,20,5,0.3004028424205238
mandible,toothfairy2,cbct,noblur,lab,kmeans_train050,0.7236767017841339,0.15229463073762795,0.7604962936043739,20,5,0.2834560107890054
mandible,toothfairy2,cbct,noblur,lab,noise,0.33326455056667326,0.00037210622709313285,0.3332736977934837,20,5,0.0008584057638486327
mandible,toothfairy2,cbct,noblur,lab,noisefill,0.41306289523839956,0.027646348718300087,0.4621683526039123,20,5,0.06482930786141936
mandible,toothfairy2,cbct,noblur,lab,noisefill_lblvor,0.41069570779800413,0.027383516830711465,0.458848075568676,20,5,0.06597754764706817
mandible,toothfairy2,cbct,noblur,lab,noisefill_lblvor_train050,0.692109450995922,0.15129261774458397,0.7161939170956612,20,5,0.30099598304157044
mandible,toothfairy2,cbct,noblur,lab,ours_train050,0.7135320138931275,0.08988170671061309,0.758274395763874,20,5,0.17530044737762038
mandible,toothfairy2,cbct,noblur,lab,palette,0.7829573264718055,0.04581953909800424,0.7899831959605217,20,5,0.09846885886062332
mandible,toothfairy2,cbct,noblur,lab,palette_train050,0.8828755092620849,0.052192273365657994,0.8832346871495247,20,5,0.1239234373913765
mandible,toothfairy2,cbct,noblur,lab,srcsm,0.6748715505003929,0.07517664846208923,0.7567985513806343,20,5,0.1350998509633815
mandible,toothfairy2,cbct,noblur,lab,synthseg_EM,0.5734693405032159,0.03034494925072253,0.7328191432356834,20,5,0.059712849303021
mandible,toothfairy2,cbct,noblur,lab,synthseg_noEM,0.38333817750215526,0.015771032324615086,0.41481949478387836,20,5,0.02507381609961214
ms,open-ms,flair,asblur,fg,auglab_default,0.6768638798594475,0.09578614826591585,0.7403700044751167,20,5,0.2027886345762184
ms,open-ms,flair,asblur,fg,identity,0.9999999850988388,2.6480058324015604e-08,1.0,20,1,2.6138365832549643e-08
ms,open-ms,flair,asblur,fg,kmeans,0.4841541227698326,0.05235958047620794,0.5567807149887085,20,5,0.09413607585462966
ms,open-ms,flair,asblur,fg,kmeans_remap,0.467627954185009,0.05350210804500553,0.5350500252842904,20,5,0.10270541676447448
ms,open-ms,flair,asblur,fg,kmeans_remap_train050,0.7563067704439164,0.10195528237697092,0.7912324523925781,20,5,0.2633179983136478
ms,open-ms,flair,asblur,fg,kmeans_train050,0.7257311296463013,0.1520977121805025,0.7548328799009323,20,5,0.2845073888087225
ms,open-ms,flair,asblur,fg,noise,0.3332829695940017,0.00017396462748446999,0.333257836997509,20,5,0.0005043632882621282
ms,open-ms,flair,asblur,fg,noisefill,0.46882186233997347,0.03851270196041791,0.5363082945346832,20,5,0.08168557516979888
ms,open-ms,flair,asblur,fg,noisefill_lblvor,0.47801438927650447,0.0425686804632096,0.5514415246248245,20,5,0.07194730456074792
ms,open-ms,flair,asblur,fg,noisefill_lblvor_train050,0.72528632491827,0.1283481694078492,0.7608007153868674,20,5,0.27214708048500946
ms,open-ms,flair,asblur,fg,ours_train050,0.6415769609808921,0.10194486508346869,0.6963497745990753,20,5,0.2004109491360148
ms,open-ms,flair,asblur,fg,palette,0.7670273426175117,0.05049717265336191,0.798225907087326,20,5,0.11603674167441606
ms,open-ms,flair,asblur,fg,palette_train050,0.8673803740739823,0.05624990789081825,0.8852836507558823,20,5,0.1381590015462394
ms,open-ms,flair,asblur,fg,srcsm,0.6620808604359627,0.07453600107710485,0.7140261206030846,20,5,0.20681485818019346
ms,open-ms,flair,asblur,fg,synthseg_EM,0.4014482688903809,0.025361893822770036,0.4335887143015861,20,5,0.05467209627354051
ms,open-ms,flair,asblur,fg,synthseg_noEM,0.33605109386146065,0.025039314552154433,0.343505247309804,20,5,0.044906774954255525
ms,open-ms,flair,asblur,lab,auglab_default,0.5952205614248912,0.10638330209513366,0.6477438938617707,15,5,0.19566438456658355
ms,open-ms,flair,asblur,lab,identity,0.9999999920527141,2.0972834546076005e-08,0.9999999880790711,15,1,2.0608061776930106e-08
ms,open-ms,flair,asblur,lab,kmeans,0.4310837642351786,0.049279996037925655,0.4747633349895477,15,5,0.09576280391621715
ms,open-ms,flair,asblur,lab,kmeans_remap,0.3860428365071614,0.04748266366264307,0.41026666442553206,15,5,0.07654576841819592
ms,open-ms,flair,asblur,lab,kmeans_remap_train050,0.7341772870222728,0.11390169998160272,0.7496826573212941,15,5,0.30001211625915836
ms,open-ms,flair,asblur,lab,kmeans_train050,0.7033714540799458,0.17018825711705812,0.7179340525468191,15,5,0.30796198385125934
ms,open-ms,flair,asblur,lab,noise,0.33371996760368344,0.0034521466994915204,0.33402399659156795,15,5,0.00885147521785265
ms,open-ms,flair,asblur,lab,noisefill,0.37845500985781355,0.025606516157787678,0.40178458809852596,15,5,0.06243931274054726
ms,open-ms,flair,asblur,lab,noisefill_lblvor,0.39288286209106443,0.0435406862111471,0.41720494270324704,15,5,0.0739553528544969
ms,open-ms,flair,asblur,lab,noisefill_lblvor_train050,0.691669888496399,0.14299396404370054,0.7001620968182881,15,5,0.3190370279582589
ms,open-ms,flair,asblur,lab,ours_train050,0.5458665766318639,0.09225231817263548,0.5939837710062663,15,5,0.1853877283287497
ms,open-ms,flair,asblur,lab,palette,0.7131992385101815,0.08096474412330745,0.7538729452093442,15,5,0.18999207853552905
ms,open-ms,flair,asblur,lab,palette_train050,0.8504796217133601,0.08103814024018058,0.8748090179264545,15,5,0.18911758018520186
ms,open-ms,flair,asblur,lab,srcsm,0.5242290298144022,0.09243273029704574,0.5789167010784149,15,5,0.15603553729955694
ms,open-ms,flair,asblur,lab,synthseg_EM,0.3966442839304606,0.029829854898951645,0.42915524403254185,15,5,0.05301044541368584
ms,open-ms,flair,asblur,lab,synthseg_noEM,0.38156256934007005,0.019686181285055122,0.40606169144312537,15,5,0.039544667563815604
ms,open-ms,flair,noblur,fg,auglab_default,0.7494293323159218,0.10692761028683846,0.7965669974684715,20,5,0.22348211468505175
ms,open-ms,flair,noblur,fg,identity,0.9999999850988388,2.6480058324015604e-08,1.0,20,1,2.6138365832549643e-08
ms,open-ms,flair,noblur,fg,kmeans,0.4673634481430054,0.0478960412356681,0.5351267179846764,20,5,0.08784072656621741
ms,open-ms,flair,noblur,fg,kmeans_remap,0.45349953860044484,0.05003293094355014,0.5166986992955207,20,5,0.09608808833332581
ms,open-ms,flair,noblur,fg,kmeans_remap_train050,0.7477302718162536,0.1053645842453127,0.7805827188491821,20,5,0.27086244107916607
ms,open-ms,flair,noblur,fg,kmeans_train050,0.7198277741670609,0.15449792423188025,0.7469902661442757,20,5,0.2892703994555875
ms,open-ms,flair,noblur,fg,noise,0.3332829695940017,0.00017396462748446999,0.333257836997509,20,5,0.0005043632882621282
ms,open-ms,flair,noblur,fg,noisefill,0.45335326254367825,0.03624972095452558,0.5164643034338952,20,5,0.07413052716663986
ms,open-ms,flair,noblur,fg,noisefill_lblvor,0.46311834156513215,0.0369986692351524,0.5318924278020859,20,5,0.06698586410854093
ms,open-ms,flair,noblur,fg,noisefill_lblvor_train050,0.7198892951011657,0.13199131932115868,0.7538989171385765,20,5,0.2765403099703919
ms,open-ms,flair,noblur,fg,ours_train050,0.7006718665361404,0.10001613970237222,0.7463499960303307,20,5,0.1983353829795992
ms,open-ms,flair,noblur,fg,palette,0.8073612132668495,0.06077334980044991,0.8128646355867385,20,5,0.10664936037156078
ms,open-ms,flair,noblur,fg,palette_train050,0.8889023673534393,0.05100139682039677,0.8926316016912461,20,5,0.11794539359763748
ms,open-ms,flair,noblur,fg,srcsm,0.6328889009356499,0.10805264330230294,0.6831111043691636,20,5,0.20625535855845414
ms,open-ms,flair,noblur,fg,synthseg_EM,0.47081128805875777,0.0485284203945024,0.5286229449510574,20,5,0.1061230078436642
ms,open-ms,flair,noblur,fg,synthseg_noEM,0.3421340524405241,0.02963756296638129,0.3539993079006672,20,5,0.04510494730911649
ms,open-ms,flair,noblur,lab,auglab_default,0.6655148057142893,0.12041174779005136,0.7084207765261332,15,5,0.2278931296420001
ms,open-ms,flair,noblur,lab,identity,0.9999999920527141,2.0972834546076005e-08,0.9999999880790711,15,1,2.0608061776930106e-08
ms,open-ms,flair,noblur,lab,kmeans,0.41393463214238485,0.04472301460785143,0.45117606083552036,15,5,0.09120184531038619
ms,open-ms,flair,noblur,lab,kmeans_remap,0.37016245007514953,0.04655441178361299,0.38645136952400205,15,5,0.06843350991821989
ms,open-ms,flair,noblur,lab,kmeans_remap_train050,0.7251617542902629,0.11736482322551393,0.7361531913280487,15,5,0.30808616028250235
ms,open-ms,flair,noblur,lab,kmeans_train050,0.6978861769040425,0.17288761546069648,0.7101927304267883,15,5,0.3130167556091293
ms,open-ms,flair,noblur,lab,noise,0.33371996760368344,0.0034521466994915204,0.33402399659156795,15,5,0.00885147521785265
ms,open-ms,flair,noblur,lab,noisefill,0.3627079892158508,0.021049964160261257,0.3782428924242655,15,5,0.055934895186283196
ms,open-ms,flair,noblur,lab,noisefill_lblvor,0.37717831492424014,0.03552334761318829,0.39636099576950073,15,5,0.06749294149210913
ms,open-ms,flair,noblur,lab,noisefill_lblvor_train050,0.6839729177951812,0.14739070455247366,0.6896785430113475,15,5,0.3250207818333254
ms,open-ms,flair,noblur,lab,ours_train050,0.605326879521211,0.0987506883142611,0.6489784033348163,15,5,0.2194689607801874
ms,open-ms,flair,noblur,lab,palette,0.7609060109965503,0.10765473198634398,0.7740680175026259,15,5,0.21148251706802637
ms,open-ms,flair,noblur,lab,palette_train050,0.8755515760928392,0.08830474821179175,0.8843045102059841,15,5,0.1977022115445135
ms,open-ms,flair,noblur,lab,srcsm,0.5484578847885132,0.09441975278214627,0.6047537569204966,15,5,0.1757934161212078
ms,open-ms,flair,noblur,lab,synthseg_EM,0.4472836963335673,0.07228801205001062,0.502265993754069,15,5,0.09633006742896721
ms,open-ms,flair,noblur,lab,synthseg_noEM,0.38219876488049825,0.031797411171923654,0.41091012676556904,15,5,0.055335806657142536
ms,open-ms,t1w,asblur,fg,auglab_default,0.7177523192763329,0.09325941356319431,0.7750349035859108,20,5,0.18772518341087227
ms,open-ms,t1w,asblur,fg,identity,0.9999999970197677,1.3328003766893914e-08,0.9999999970197677,20,1,1.3156022313536292e-08
ms,open-ms,t1w,asblur,fg,kmeans,0.4261313727498054,0.04160496477048253,0.4850866374373436,20,5,0.0825675611560391
ms,open-ms,t1w,asblur,fg,kmeans_remap,0.4133760789036751,0.040260207118663426,0.465366268157959,20,5,0.07692571054311356
ms,open-ms,t1w,asblur,fg,kmeans_remap_train050,0.7282948136329651,0.11691031568428127,0.758678882420063,20,5,0.29065399165838146
ms,open-ms,t1w,asblur,fg,kmeans_train050,0.7068799921870232,0.15017335281627317,0.7336035287380218,20,5,0.3003498726418108
ms,open-ms,t1w,asblur,fg,noise,0.3333209818601608,0.00030637000038642644,0.3331501370668411,20,5,0.0005850683565243414
ms,open-ms,t1w,asblur,fg,noisefill,0.4054842457175255,0.02409814021859324,0.4537064543366432,20,5,0.06286306148314152
ms,open-ms,t1w,asblur,fg,noisefill_lblvor,0.4195130935311317,0.030257630165118912,0.4734702777862549,20,5,0.07018298554505915
ms,open-ms,t1w,asblur,fg,noisefill_lblvor_train050,0.6968318247795106,0.14847750478988847,0.726557667851448,20,5,0.29632106158916155
ms,open-ms,t1w,asblur,fg,ours_train050,0.6923463958501815,0.10309415247867727,0.7432373594492674,20,5,0.2061107736556201
ms,open-ms,t1w,asblur,fg,palette,0.8462654200568795,0.06290006056044273,0.8692381421476603,20,5,0.12533079552767365
ms,open-ms,t1w,asblur,fg,palette_train050,0.9174321274459363,0.0585759248038967,0.924655579328537,20,5,0.11590218281032058
ms,open-ms,t1w,asblur,fg,srcsm,0.6902790907025337,0.12408166739247418,0.7437415185570717,20,5,0.19900829034002276
ms,open-ms,t1w,asblur,fg,synthseg_EM,0.4058768108487129,0.027785199519475376,0.45359075963497164,20,5,0.05796779399802688
ms,open-ms,t1w,asblur,fg,synthseg_noEM,0.3291679922491312,0.026771143052553997,0.3284681155160069,20,5,0.04646649352107084
ms,open-ms,t1w,asblur,lab,auglab_default,0.6849255339304606,0.115791596087612,0.7279264426231384,15,5,0.2018161908680658
ms,open-ms,t1w,asblur,lab,identity,0.9999999920527141,2.0972834546076005e-08,0.9999999880790711,15,1,2.0608061776930106e-08
ms,open-ms,t1w,asblur,lab,kmeans,0.5512475947539012,0.08344424574098319,0.6268239672978719,15,5,0.1374071764867509
ms,open-ms,t1w,asblur,lab,kmeans_remap,0.43125344951947525,0.07726221919419382,0.46721146742502845,15,5,0.13352798223313572
ms,open-ms,t1w,asblur,lab,kmeans_remap_train050,0.7591670203208923,0.09934450857791707,0.7800109624862671,15,5,0.2812993379293263
ms,open-ms,t1w,asblur,lab,kmeans_train050,0.7445802958806357,0.17099798384439174,0.771897306839625,15,5,0.27579442692522405
ms,open-ms,t1w,asblur,lab,noise,0.33327823837598164,0.004658044579588464,0.3327936359246572,15,5,0.014001713482630634
ms,open-ms,t1w,asblur,lab,noisefill,0.44415441075960793,0.05728038153342846,0.488536361058553,15,5,0.11650001727174705
ms,open-ms,t1w,asblur,lab,noisefill_lblvor,0.4613751701513926,0.083729141722924,0.5065568745136261,15,5,0.13425217333886438
ms,open-ms,t1w,asblur,lab,noisefill_lblvor_train050,0.7131101230780283,0.13885071212823175,0.7302710743745169,15,5,0.30418389172685695
ms,open-ms,t1w,asblur,lab,ours_train050,0.6421763543287913,0.09412072069465945,0.6911897194385529,15,5,0.18912828826436054
ms,open-ms,t1w,asblur,lab,palette,0.7977167046070099,0.07884280877129601,0.8254219408830007,15,5,0.13691059895889163
ms,open-ms,t1w,asblur,lab,palette_train050,0.8897227191925049,0.04878311780257502,0.900817297299703,15,5,0.12604874502516328
ms,open-ms,t1w,asblur,lab,srcsm,0.6291950134436289,0.1284219518953493,0.6797670137882234,15,5,0.21505102043879018
ms,open-ms,t1w,asblur,lab,synthseg_EM,0.501459196805954,0.042007654288029106,0.559640998840332,15,5,0.10029926287144705
ms,open-ms,t1w,asblur,lab,synthseg_noEM,0.4117174390951792,0.03435017514288171,0.4357230327526728,15,5,0.06175753459926574
ms,open-ms,t1w,noblur,fg,auglab_default,0.7667638993263244,0.09684728732061568,0.8073705691099168,20,5,0.20719886275156144
ms,open-ms,t1w,noblur,fg,identity,0.9999999970197677,1.3328003766893914e-08,0.9999999970197677,20,1,1.3156022313536292e-08
ms,open-ms,t1w,noblur,fg,kmeans,0.40828768014907835,0.03644018549437846,0.4580769956111908,20,5,0.06755383038916554
ms,open-ms,t1w,noblur,fg,kmeans_remap,0.39833756953477856,0.03262383283906579,0.4420540291070938,20,5,0.06313080445159991
ms,open-ms,t1w,noblur,fg,kmeans_remap_train050,0.7189495661854745,0.11610069640397477,0.744905968606472,20,5,0.29827110523247563
ms,open-ms,t1w,noblur,fg,kmeans_train050,0.6992582446336746,0.15347964481626789,0.7217129969596863,20,5,0.30604864747273464
ms,open-ms,t1w,noblur,fg,noise,0.3333209818601608,0.00030637000038642644,0.3331501370668411,20,5,0.0005850683565243414
ms,open-ms,t1w,noblur,fg,noisefill,0.3923186630010605,0.023513051923752262,0.43295154929161067,20,5,0.05190282831666223
ms,open-ms,t1w,noblur,fg,noisefill_lblvor,0.40188168585300443,0.024583968435923677,0.4469998160004616,20,5,0.05368959525885149
ms,open-ms,t1w,noblur,fg,noisefill_lblvor_train050,0.6895176151394844,0.15260515383890272,0.7150399580597877,20,5,0.30244577954102675
ms,open-ms,t1w,noblur,fg,ours_train050,0.7261772102490067,0.10700050793604642,0.76862544991076,20,5,0.21789883897998064
ms,open-ms,t1w,noblur,fg,palette,0.8769892873987555,0.07760395901961385,0.8797785814106465,20,5,0.14634864821104226
ms,open-ms,t1w,noblur,fg,palette_train050,0.9325898529589176,0.059457529752713956,0.9300036001205445,20,5,0.11818981393632387
ms,open-ms,t1w,noblur,fg,srcsm,0.6836172839999198,0.08538327185677379,0.7361029052734376,20,5,0.20694518348219162
ms,open-ms,t1w,noblur,fg,synthseg_EM,0.43631175607442857,0.039016485281492784,0.5064251223206521,20,5,0.08503658350213773
ms,open-ms,t1w,noblur,fg,synthseg_noEM,0.33222957883030174,0.027989117190778845,0.33292660767212506,20,5,0.045289355953655124
ms,open-ms,t1w,noblur,lab,auglab_default,0.7229876589775086,0.10968674058062437,0.7577487206459046,15,5,0.21952065133022017
ms,open-ms,t1w,noblur,lab,identity,0.9999999920527141,2.0972834546076005e-08,0.9999999880790711,15,1,2.0608061776930106e-08
ms,open-ms,t1w,noblur,lab,kmeans,0.5185806632041932,0.08573825930655227,0.5869649620850882,15,5,0.13194784049204591
ms,open-ms,t1w,noblur,lab,kmeans_remap,0.40549042185147605,0.07145299087700517,0.4329478891690572,15,5,0.12035459699075601
ms,open-ms,t1w,noblur,lab,kmeans_remap_train050,0.7433969442049662,0.10439139424684793,0.7599356877803803,15,5,0.296372054998244
ms,open-ms,t1w,noblur,lab,kmeans_train050,0.7347218716144561,0.17061977577411874,0.7596362936496734,15,5,0.282369861439086
ms,open-ms,t1w,noblur,lab,noise,0.33327823837598164,0.004658044579588464,0.3327936359246572,15,5,0.014001713482630634
ms,open-ms,t1w,noblur,lab,noisefill,0.41873200893402096,0.052151484298634664,0.45629517912864687,15,5,0.10439872749171611
ms,open-ms,t1w,noblur,lab,noisefill_lblvor,0.4314907471338908,0.06616658683600352,0.4689560794830322,15,5,0.11806069690182688
ms,open-ms,t1w,noblur,lab,noisefill_lblvor_train050,0.7048415327072143,0.1403110324357343,0.7195167501767477,15,5,0.3104690523988195
ms,open-ms,t1w,noblur,lab,ours_train050,0.6822500875095526,0.09340062626635623,0.7220228239893913,15,5,0.20808160304856274
ms,open-ms,t1w,noblur,lab,palette,0.8454084408283234,0.060902023810898515,0.8609082917372386,15,5,0.12585739552053682
ms,open-ms,t1w,noblur,lab,palette_train050,0.9070867653687795,0.05166156624080737,0.911183777252833,15,5,0.11819754526077458
ms,open-ms,t1w,noblur,lab,srcsm,0.63181205868721,0.09094705615256982,0.6856748612721761,15,5,0.2014070724927433
ms,open-ms,t1w,noblur,lab,synthseg_EM,0.6689198799928029,0.05466732974486056,0.7756015121936798,15,5,0.10779597277530663
ms,open-ms,t1w,noblur,lab,synthseg_noEM,0.3824889441331228,0.025799212823000035,0.3975937290986379,15,5,0.05251945913616464
pelvis,totalseg-pelvic,ct,asblur,fg,auglab_default,0.6337196931242943,0.10381065539269352,0.7070768642425537,20,5,0.21145943520124552
pelvis,totalseg-pelvic,ct,asblur,fg,identity,0.9999999910593033,2.183601549840527e-08,0.9999999970197677,20,1,2.155424866199551e-08
pelvis,totalseg-pelvic,ct,asblur,fg,kmeans,0.4035721784830093,0.03664929516423433,0.45762840688228607,20,5,0.07169603443225164
pelvis,totalseg-pelvic,ct,asblur,fg,kmeans_remap,0.3922053378820419,0.03759894196998823,0.43968727499246596,20,5,0.06089857408955272
pelvis,totalseg-pelvic,ct,asblur,fg,kmeans_remap_train050,0.7223746863007545,0.10797068569297108,0.7559900015592576,20,5,0.2942584267139547
pelvis,totalseg-pelvic,ct,asblur,fg,kmeans_train050,0.6937984323501587,0.16208813336053784,0.7159074774384498,20,5,0.31092880156328634
pelvis,totalseg-pelvic,ct,asblur,fg,noise,0.3335359513759613,0.00013763104054565257,0.33357574105262755,20,5,0.00022340592218520708
pelvis,totalseg-pelvic,ct,asblur,fg,noisefill,0.3924792966246605,0.03113224364999741,0.43835334837436674,20,5,0.052696785319398906
pelvis,totalseg-pelvic,ct,asblur,fg,noisefill_lblvor,0.39798768579959864,0.028703476020496378,0.44874213397502893,20,5,0.059556720434813755
pelvis,totalseg-pelvic,ct,asblur,fg,noisefill_lblvor_train050,0.68185187458992,0.155876314257984,0.704633301794529,20,5,0.3096008821583157
pelvis,totalseg-pelvic,ct,asblur,fg,ours_train050,0.6389952669199557,0.11989188350242312,0.7056678459048271,20,5,0.21852670738196506
pelvis,totalseg-pelvic,ct,asblur,fg,palette,0.8107508233189582,0.0675757447993898,0.8460862120985985,20,5,0.12024801812857448
pelvis,totalseg-pelvic,ct,asblur,fg,palette_train050,0.8802165317535401,0.06724492077845458,0.9051359087228775,20,5,0.14178565405087654
pelvis,totalseg-pelvic,ct,asblur,fg,srcsm,0.6472977617383003,0.08806513797587505,0.7017816093564033,20,5,0.21985606114400616
pelvis,totalseg-pelvic,ct,asblur,fg,synthseg_EM,0.4000450721383094,0.019087045117290428,0.4528859174251556,20,5,0.03839800129601911
pelvis,totalseg-pelvic,ct,asblur,fg,synthseg_noEM,0.3406908932328224,0.024044755119437985,0.35253765285015104,20,5,0.0385932025073916
pelvis,totalseg-pelvic,ct,asblur,lab,auglab_default,0.5793237482800203,0.10278183479475889,0.6381054741494796,17,5,0.21904825726993146
pelvis,totalseg-pelvic,ct,asblur,lab,identity,0.9999999859753776,2.606137490539063e-08,0.9999999929876888,17,1,2.5663467952937933e-08
pelvis,totalseg-pelvic,ct,asblur,lab,kmeans,0.4007411988342509,0.053652388718983146,0.4458947216763216,17,5,0.0752444164959968
pelvis,totalseg-pelvic,ct,asblur,lab,kmeans_remap,0.36086354045306934,0.03147212892327394,0.38451088000746336,17,5,0.0393845033397299
pelvis,totalseg-pelvic,ct,asblur,lab,kmeans_remap_train050,0.7041169717031367,0.12275098977426147,0.7168579918496749,17,5,0.3171651790188116
pelvis,totalseg-pelvic,ct,asblur,lab,kmeans_train050,0.6808874558000003,0.1684644499318044,0.6995000446543974,17,5,0.3134108182366947
pelvis,totalseg-pelvic,ct,asblur,lab,noise,0.3340518397443435,0.0009139281665696793,0.333645721393473,17,5,0.0052893940205417725
pelvis,totalseg-pelvic,ct,asblur,lab,noisefill,0.36986779921195084,0.026070495410026512,0.39510896135778983,17,5,0.04013094130695733
pelvis,totalseg-pelvic,ct,asblur,lab,noisefill_lblvor,0.3733511956299052,0.03033773931851764,0.40055194952908685,17,5,0.04647895728014865
pelvis,totalseg-pelvic,ct,asblur,lab,noisefill_lblvor_train050,0.6614187976893257,0.16246483387715344,0.6733057874090531,17,5,0.3219273180044686
pelvis,totalseg-pelvic,ct,asblur,lab,ours_train050,0.5748819227604305,0.1370719297588897,0.6231144398450851,17,5,0.22762550310873852
pelvis,totalseg-pelvic,ct,asblur,lab,palette,0.7448198882972493,0.09598229691797264,0.7828537401031045,17,5,0.1650062217093921
pelvis,totalseg-pelvic,ct,asblur,lab,palette_train050,0.8409793955438277,0.08600072017832418,0.8701368742129382,17,5,0.1875355346825895
pelvis,totalseg-pelvic,ct,asblur,lab,srcsm,0.568521450547611,0.08643877415841948,0.6227968892630409,17,5,0.11773898251551833
pelvis,totalseg-pelvic,ct,asblur,lab,synthseg_EM,0.4124258518218994,0.03557548598130424,0.4707767560201533,17,5,0.04475665848993225
pelvis,totalseg-pelvic,ct,asblur,lab,synthseg_noEM,0.3732113729504978,0.026439575505962702,0.40413506311528824,17,5,0.03184468191773907
pelvis,totalseg-pelvic,ct,noblur,fg,auglab_default,0.716325626373291,0.10776186859989272,0.7683340737223625,20,5,0.235569326351757
pelvis,totalseg-pelvic,ct,noblur,fg,identity,0.9999999910593033,2.183601549840527e-08,0.9999999970197677,20,1,2.155424866199551e-08
pelvis,totalseg-pelvic,ct,noblur,fg,kmeans,0.39642431288957597,0.03519127186580224,0.44456808984279633,20,5,0.06676871723207453
pelvis,totalseg-pelvic,ct,noblur,fg,kmeans_remap,0.3853902634978294,0.033068249590099984,0.4268505665659904,20,5,0.05571555237088589
pelvis,totalseg-pelvic,ct,noblur,fg,kmeans_remap_train050,0.7170303571224212,0.11114350605455595,0.7462078818678857,20,5,0.2991471429189867
pelvis,totalseg-pelvic,ct,noblur,fg,kmeans_train050,0.6909577810764314,0.1638791566777175,0.7107554659247398,20,5,0.3130783760476006
pelvis,totalseg-pelvic,ct,noblur,fg,noise,0.3335359513759613,0.00013763104054565257,0.33357574105262755,20,5,0.00022340592218520708
pelvis,totalseg-pelvic,ct,noblur,fg,noisefill,0.3841800731420517,0.02796902289323341,0.4222667509317398,20,5,0.0456809312008716
pelvis,totalseg-pelvic,ct,noblur,fg,noisefill_lblvor,0.3914525076746941,0.027889758919974337,0.4363174697756767,20,5,0.05411117482391069
pelvis,totalseg-pelvic,ct,noblur,fg,noisefill_lblvor_train050,0.6789237862825394,0.15720711209133437,0.6990012288093567,20,5,0.3119270067747735
pelvis,totalseg-pelvic,ct,noblur,fg,ours_train050,0.6968290832662023,0.12814502296268634,0.736996840829961,20,5,0.23677027142000973
pelvis,totalseg-pelvic,ct,noblur,fg,palette,0.8920240262150765,0.04989909140144702,0.8833024510741234,20,5,0.09401832401770123
pelvis,totalseg-pelvic,ct,noblur,fg,palette_train050,0.9393901062011718,0.033904024176047626,0.9339053875207901,20,5,0.0761398371086863
pelvis,totalseg-pelvic,ct,noblur,fg,srcsm,0.6604910296201706,0.07718560195674745,0.7129930019378662,20,5,0.21591429304728085
pelvis,totalseg-pelvic,ct,noblur,fg,synthseg_EM,0.42935204058885573,0.03258399003827473,0.505248273909092,20,5,0.05752351061195949
pelvis,totalseg-pelvic,ct,noblur,fg,synthseg_noEM,0.3369216744601726,0.023513918784944035,0.3477248130738735,20,5,0.03530792181358011
pelvis,totalseg-pelvic,ct,noblur,lab,auglab_default,0.6658138303195729,0.10885926162300381,0.7125707752564374,17,5,0.250244416371196
pelvis,totalseg-pelvic,ct,noblur,lab,identity,0.9999999859753776,2.606137490539063e-08,0.9999999929876888,17,1,2.5663467952937933e-08
pelvis,totalseg-pelvic,ct,noblur,lab,kmeans,0.3982617465888753,0.05185462859000549,0.43998691649997934,17,5,0.07237205880486572
pelvis,totalseg-pelvic,ct,noblur,lab,kmeans_remap,0.35895727907910063,0.026839102616454908,0.3795918590882245,17,5,0.03525865466566612
pelvis,totalseg-pelvic,ct,noblur,lab,kmeans_remap_train050,0.7042919306194081,0.1245051254565463,0.7159470218069413,17,5,0.3170718278567494
pelvis,totalseg-pelvic,ct,noblur,lab,kmeans_train050,0.6788354842101827,0.17026092457602612,0.6951996189706466,17,5,0.31500722411533816
pelvis,totalseg-pelvic,ct,noblur,lab,noise,0.3340518397443435,0.0009139281665696793,0.333645721393473,17,5,0.0052893940205417725
pelvis,totalseg-pelvic,ct,noblur,lab,noisefill,0.3672012704260209,0.026483666371564324,0.3880444456549252,17,5,0.03965792205653915
pelvis,totalseg-pelvic,ct,noblur,lab,noisefill_lblvor,0.37041023058049816,0.028750955964272705,0.3943217151305255,17,5,0.043752630121508825
pelvis,totalseg-pelvic,ct,noblur,lab,noisefill_lblvor_train050,0.6611253591144786,0.1629220627987685,0.6721596801982207,17,5,0.322180720815397
pelvis,totalseg-pelvic,ct,noblur,lab,ours_train050,0.6469700608785977,0.1390764644995465,0.6836556561455569,17,5,0.25493905912831333
pelvis,totalseg-pelvic,ct,noblur,lab,palette,0.8425046931294834,0.07379258044785633,0.8502257799401003,17,5,0.14858939109553507
pelvis,totalseg-pelvic,ct,noblur,lab,palette_train050,0.9191256467033835,0.046939746878128845,0.920418472851024,17,5,0.11259893626113229
pelvis,totalseg-pelvic,ct,noblur,lab,srcsm,0.5975639437927919,0.10393380417636723,0.6431906787788166,17,5,0.13547827002084423
pelvis,totalseg-pelvic,ct,noblur,lab,synthseg_EM,0.4595616221427918,0.044523413966212275,0.5471906104508568,17,5,0.0475934547046466
pelvis,totalseg-pelvic,ct,noblur,lab,synthseg_noEM,0.3479653596878051,0.009885163175484657,0.36059468774234543,17,5,0.011828259680352253
pelvis,totalseg-pelvic,mri,asblur,fg,auglab_default,0.6749577137827873,0.10225194488696826,0.7314852115511894,20,5,0.20659897357318824
pelvis,totalseg-pelvic,mri,asblur,fg,identity,0.9999999910593033,2.1836015491243798e-08,0.9999999910593033,20,1,2.1554248651526423e-08
pelvis,totalseg-pelvic,mri,asblur,fg,kmeans,0.4782319197058678,0.05417054514415841,0.5479125052690506,20,5,0.08470492443309158
pelvis,totalseg-pelvic,mri,asblur,fg,kmeans_remap,0.4597346749901772,0.06041100009948035,0.5228305503726005,20,5,0.08666305253455826
pelvis,totalseg-pelvic,mri,asblur,fg,kmeans_remap_train050,0.7467335358262062,0.10171913255690439,0.7764841464161873,20,5,0.26982749870873696
pelvis,totalseg-pelvic,mri,asblur,fg,kmeans_train050,0.7278470572829246,0.14375058791791545,0.7581119465827941,20,5,0.2793084048424434
pelvis,totalseg-pelvic,mri,asblur,fg,noise,0.3318464785814285,0.003375834625903272,0.3316709321737289,20,5,0.003350273336855044
pelvis,totalseg-pelvic,mri,asblur,fg,noisefill,0.4630749860405922,0.048327436538911445,0.5265153187513352,20,5,0.07855670232250327
pelvis,totalseg-pelvic,mri,asblur,fg,noisefill_lblvor,0.4765164631605148,0.04641039452381305,0.5478603601455688,20,5,0.06942685049263747
pelvis,totalseg-pelvic,mri,asblur,fg,noisefill_lblvor_train050,0.7208709788322449,0.14372473774706282,0.7532588124275208,20,5,0.27500327099259564
pelvis,totalseg-pelvic,mri,asblur,fg,ours_train050,0.665377439558506,0.09224916801624486,0.7124759855866432,20,5,0.18314660452766182
pelvis,totalseg-pelvic,mri,asblur,fg,palette,0.7882265573740005,0.04972896110610168,0.808298837542534,20,5,0.09978468205937972
pelvis,totalseg-pelvic,mri,asblur,fg,palette_train050,0.877507409453392,0.05955104476657286,0.888410289287567,20,5,0.13618629082302355
pelvis,totalseg-pelvic,mri,asblur,fg,srcsm,0.6699015212059021,0.10900105720708475,0.7194905915856362,20,5,0.20537181662312984
pelvis,totalseg-pelvic,mri,asblur,fg,synthseg_EM,0.44864062845706937,0.05147678959116633,0.5040939047932624,20,5,0.07729002646096002
pelvis,totalseg-pelvic,mri,asblur,fg,synthseg_noEM,0.35522706516087055,0.031074173639484847,0.3678427722677588,20,5,0.05892441158425806
pelvis,totalseg-pelvic,mri,asblur,lab,auglab_default,0.6160869039987262,0.08621655436978061,0.6626713125329268,19,5,0.19920654770120444
pelvis,totalseg-pelvic,mri,asblur,lab,identity,1.0,0.0,0.9999999874516537,19,1,0.0
pelvis,totalseg-pelvic,mri,asblur,lab,kmeans,0.45424805409029906,0.09351035574034088,0.49490792782683124,19,5,0.12114624767476055
pelvis,totalseg-pelvic,mri,asblur,lab,kmeans_remap,0.4397641897201538,0.10086586023666193,0.46775931057177095,19,5,0.11660036838238805
pelvis,totalseg-pelvic,mri,asblur,lab,kmeans_remap_train050,0.7306190242892817,0.1218455607234536,0.7429682916716525,19,5,0.2926850883742551
pelvis,totalseg-pelvic,mri,asblur,lab,kmeans_train050,0.7085897815854926,0.14922217214015882,0.7271759246525011,19,5,0.2963529052019343
pelvis,totalseg-pelvic,mri,asblur,lab,noise,0.33369426884149245,0.00605340618060259,0.33376563724718594,19,5,0.008041957750389954
pelvis,totalseg-pelvic,mri,asblur,lab,noisefill,0.43004628608101286,0.08742122063921536,0.4578250590123628,19,5,0.10640908075577116
pelvis,totalseg-pelvic,mri,asblur,lab,noisefill_lblvor,0.4214165245231829,0.09118326050902842,0.45002422677843196,19,5,0.10335157748528136
pelvis,totalseg-pelvic,mri,asblur,lab,noisefill_lblvor_train050,0.7125808828755429,0.1685234033823383,0.7254873467119116,19,5,0.2970836695553523
pelvis,totalseg-pelvic,mri,asblur,lab,ours_train050,0.6172833207406496,0.08370473865415504,0.6649414442087475,19,5,0.18799387624065114
pelvis,totalseg-pelvic,mri,asblur,lab,palette,0.7518673630137193,0.05506706697007005,0.7861030895459025,19,5,0.13354632773500696
pelvis,totalseg-pelvic,mri,asblur,lab,palette_train050,0.8673348925615612,0.06272865174135878,0.8858716801593178,19,5,0.1594249877372802
pelvis,totalseg-pelvic,mri,asblur,lab,srcsm,0.5744364983157108,0.08790763327133616,0.6384111065613596,19,5,0.12638210004376407
pelvis,totalseg-pelvic,mri,asblur,lab,synthseg_EM,0.443051106129822,0.059098151174064695,0.4987164705991745,19,5,0.07246227169738806
pelvis,totalseg-pelvic,mri,asblur,lab,synthseg_noEM,0.40152849241306904,0.04128909308835547,0.43129430538729613,19,5,0.06313402751585152
pelvis,totalseg-pelvic,mri,noblur,fg,auglab_default,0.7487574514746667,0.12000535709941469,0.7915015101432801,20,5,0.22303673501748303
pelvis,totalseg-pelvic,mri,noblur,fg,identity,0.9999999910593033,2.1836015491243798e-08,0.9999999910593033,20,1,2.1554248651526423e-08
pelvis,totalseg-pelvic,mri,noblur,fg,kmeans,0.45692132115364076,0.04522462750166155,0.5204783833026886,20,5,0.07495603387752645
pelvis,totalseg-pelvic,mri,noblur,fg,kmeans_remap,0.44255714416503905,0.05775327546206968,0.5012213057279586,20,5,0.08374221240484737
pelvis,totalseg-pelvic,mri,noblur,fg,kmeans_remap_train050,0.7381511622667313,0.10623474968648562,0.7655848622322082,20,5,0.2784804652786014
pelvis,totalseg-pelvic,mri,noblur,fg,kmeans_train050,0.719083114862442,0.1483695153539757,0.7479490929841995,20,5,0.2869657224746696
pelvis,totalseg-pelvic,mri,noblur,fg,noise,0.3318464785814285,0.003375834625903272,0.3316709321737289,20,5,0.003350273336855044
pelvis,totalseg-pelvic,mri,noblur,fg,noisefill,0.4471596717834473,0.04095160711854189,0.5075006410479546,20,5,0.06908355524876834
pelvis,totalseg-pelvic,mri,noblur,fg,noisefill_lblvor,0.4579948219656944,0.03958163609189264,0.5249427017569542,20,5,0.060996231418388065
pelvis,totalseg-pelvic,mri,noblur,fg,noisefill_lblvor_train050,0.7101700276136398,0.14484575396049196,0.7395979475975036,20,5,0.28373401827555444
pelvis,totalseg-pelvic,mri,noblur,fg,ours_train050,0.7133531361818314,0.10697968682468682,0.7466149282455444,20,5,0.19206536747245917
pelvis,totalseg-pelvic,mri,noblur,fg,palette,0.8345233562588692,0.05299724777405289,0.8281835272908211,20,5,0.10491546376234462
pelvis,totalseg-pelvic,mri,noblur,fg,palette_train050,0.9061318069696427,0.05812351570275465,0.9014691603183745,20,5,0.11240570340059915
pelvis,totalseg-pelvic,mri,noblur,fg,srcsm,0.6632211455702782,0.10595632525709225,0.7161625698208809,20,5,0.196508887379792
pelvis,totalseg-pelvic,mri,noblur,fg,synthseg_EM,0.5089761772751809,0.05778807488520301,0.5894877749681473,20,5,0.08623293364596094
pelvis,totalseg-pelvic,mri,noblur,fg,synthseg_noEM,0.3414058109372854,0.03375460501328066,0.34858876183629034,20,5,0.046023932229532584
pelvis,totalseg-pelvic,mri,noblur,lab,auglab_default,0.7029358424638448,0.11361344855707661,0.7391024787175028,19,5,0.22061529156125398
pelvis,totalseg-pelvic,mri,noblur,lab,identity,1.0,0.0,0.9999999874516537,19,1,0.0
pelvis,totalseg-pelvic,mri,noblur,lab,kmeans,0.4337837222375368,0.09226512878280783,0.46798204936479265,19,5,0.11431738918037311
pelvis,totalseg-pelvic,mri,noblur,lab,kmeans_remap,0.419512866359008,0.09414341473000382,0.44150065371864716,19,5,0.1128750353251042
pelvis,totalseg-pelvic,mri,noblur,lab,kmeans_remap_train050,0.7176671426547201,0.12050743715730161,0.7267572581768036,19,5,0.3029324621888173
pelvis,totalseg-pelvic,mri,noblur,lab,kmeans_train050,0.6942989939137508,0.1613794609332816,0.7087105123620284,19,5,0.30771292998593913
pelvis,totalseg-pelvic,mri,noblur,lab,noise,0.33369426884149245,0.00605340618060259,0.33376563724718594,19,5,0.008041957750389954
pelvis,totalseg-pelvic,mri,noblur,lab,noisefill,0.4058760602223246,0.07346444485695947,0.42602027905614753,19,5,0.09363106264543469
pelvis,totalseg-pelvic,mri,noblur,lab,noisefill_lblvor,0.40392037128147323,0.08395921403824602,0.42708379657644974,19,5,0.09469546830217887
pelvis,totalseg-pelvic,mri,noblur,lab,noisefill_lblvor_train050,0.7020190722063968,0.16259412570043658,0.7107814763721667,19,5,0.3051680843553954
pelvis,totalseg-pelvic,mri,noblur,lab,ours_train050,0.7018187638960387,0.10199425170165113,0.7363256981498317,19,5,0.20458832088051856
pelvis,totalseg-pelvic,mri,noblur,lab,palette,0.838661201376664,0.08397963682762391,0.8478408757009005,19,5,0.10528882107937773
pelvis,totalseg-pelvic,mri,noblur,lab,palette_train050,0.918037171740281,0.05455878623896913,0.9200187156074926,19,5,0.10639884206530827
pelvis,totalseg-pelvic,mri,noblur,lab,srcsm,0.584688570311195,0.086716812358461,0.6462607186091573,19,5,0.12147499227346278
pelvis,totalseg-pelvic,mri,noblur,lab,synthseg_EM,0.48996890218634354,0.0742608211191453,0.5762358012952302,19,5,0.08270194703570802
pelvis,totalseg-pelvic,mri,noblur,lab,synthseg_noEM,0.3687732219696045,0.03481642883187324,0.38843909705940044,19,5,0.042035695787735736
